constituency,state,vote_share_norm,seats_won_norm,attendance_rate,bills_score,manifesto_fulfillment,criminal_cases_norm,disclosure_compliance,party,electoral_strength_score,gov_performance_score,transparency_score,party_score
Aizawl,Mizoram,0.964964964964965,0.8888888888888888,0.3233233233233233,0.7597597597597597,0.7687687687687688,0.07507507507507508,0.12712712712712712,Party D,0.9345345345345346,0.5433433433433433,0.6058058058058058,0.7154354354354354
Champhai,Mizoram,0.38738738738738737,0.4394394394394394,0.7467467467467468,0.18218218218218218,0.19119119119119118,0.4984984984984985,0.5505505505505506,Party C,0.4082082082082082,0.46626626626626627,0.5211211211211211,0.45675675675675675
Kolasib,Mizoram,0.08508508508508508,0.3123123123123123,0.6196196196196196,0.6716716716716716,0.8898898898898899,0.32432432432432434,0.42342342342342343,Party D,0.17597597597597597,0.6892892892892892,0.5747747747747748,0.4553353353353353
Lawngtlai,Mizoram,0.2832832832832833,0.2072072072072072,0.6426426426426426,0.950950950950951,0.95995995995996,0.3943943943943944,0.8308308308308309,Party C,0.25285285285285286,0.7985985985985986,0.6956956956956957,0.5545745745745745
Lunglei,Mizoram,0.6676676676676677,0.2782782782782783,0.41041041041041043,0.6376376376376376,0.8558558558558559,0.2902902902902903,0.3893893893893894,Party C,0.5119119119119119,0.5676676676676677,0.5815815815815816,0.5488438438438439
Mamit,Mizoram,0.01001001001001001,0.23723723723723725,0.5445445445445446,0.5965965965965966,0.6056056056056056,0.12112112112112113,0.3483483483483483,Party D,0.10090090090090091,0.5723723723723724,0.6666666666666665,0.40735735735735734
Saiha,Mizoram,0.4994994994994995,0.11011011011011011,0.24224224224224225,0.4694694694694695,0.6876876876876877,0.6106106106106106,0.22122122122122123,Party D,0.3437437437437437,0.39949949949949953,0.3221221221221221,0.35785285285285284
Serchhip,Mizoram,0.0970970970970971,0.5335335335335335,0.8408408408408409,0.8928928928928929,0.9019019019019019,0.2082082082082082,0.6446446446446447,Party C,0.27167167167167167,0.8686686686686688,0.7329329329329329,0.595935935935936
Khawzawl,Mizoram,0.7767767767767768,0.2122122122122122,0.13513513513513514,0.5715715715715716,0.5805805805805806,0.8878878878878879,0.3233233233233233,Party A,0.5509509509509509,0.35515515515515517,0.19659659659659662,0.3938338338338338
Hnahthial,Mizoram,0.6986986986986987,0.4134134134134134,0.23223223223223224,0.15615615615615616,0.5025025025025025,0.42542542542542544,0.036036036036036036,Party B,0.5845845845845846,0.2634634634634635,0.35915915915915914,0.4158358358358359
Thiruvallur,Tamil Nadu,0.914914914914915,0.9669669669669669,0.2732732732732733,0.7097097097097097,0.7187187187187187,0.025025025025025027,0.07707707707707707,Party B,0.9357357357357358,0.4932932932932933,0.6158158158158158,0.700900900900901
Chennai,Tamil Nadu,0.6236236236236237,0.5475475475475475,0.982982982982983,0.4184184184184184,0.42742742742742745,0.7347347347347347,0.17017017017017017,Party C,0.5931931931931932,0.7025025025025026,0.2272272272272272,0.53995995995996
Krishnagiri,Tamil Nadu,0.7667667667667668,0.6906906906906907,0.12512512512512514,0.04904904904904905,0.44244244244244246,0.8778778778778779,0.92992992992993,Party C,0.7363363363363363,0.1657657657657658,0.4452452452452453,0.4638638638638639
Tiruvannamalai,Tamil Nadu,0.7397397397397397,0.04704704704704705,0.4824824824824825,0.5815815815815816,0.5435435435435435,0.8508508508508509,0.2862862862862863,Party B,0.46266266266266265,0.5244244244244245,0.20400400400400398,0.4196146146146147
Dharmapuri,Tamil Nadu,0.24724724724724725,0.2992992992992993,0.6066066066066066,0.042042042042042045,0.05105105105105105,0.35835835835835833,0.41041041041041043,Party D,0.26806806806806804,0.3261261261261261,0.5491491491491491,0.35865865865865865
Salem,Tamil Nadu,0.5135135135135135,0.7407407407407407,0.5595595595595596,0.48348348348348347,0.3173173173173173,0.13613613613613615,0.8518518518518519,Party D,0.6044044044044043,0.48828828828828835,0.8590590590590591,0.6274274274274274
Erode,Tamil Nadu,0.43843843843843844,0.36236236236236236,0.7977977977977978,0.10510510510510511,0.24224224224224225,0.5495495495495496,0.6016016016016016,Party A,0.40800800800800796,0.4788788788788789,0.5109109109109109,0.45853853853853854
Nilgiris,Tamil Nadu,0.38738738738738737,0.8238238238238238,0.25825825825825827,0.35735735735735735,0.19119119119119118,0.01001001001001001,0.934934934934935,Party D,0.5619619619619619,0.27457457457457457,0.967967967967968,0.5628778778778778
Namakkal,Tamil Nadu,0.15615615615615616,0.2082082082082082,0.5155155155155156,0.9519519519519519,0.960960960960961,0.2672672672672673,0.31931931931931934,Party B,0.17697697697697698,0.7355355355355355,0.5673673673673674,0.47007007007007007
Perambalur,Tamil Nadu,0.41041041041041043,0.4624624624624625,0.7697697697697697,0.20520520520520522,0.21421421421421422,0.5215215215215215,0.5735735735735735,Party B,0.43123123123123125,0.4892892892892893,0.5165165165165165,0.47287287287287283
Coimbatore,Tamil Nadu,0.43743743743743746,0.04804804804804805,0.18018018018018017,0.4074074074074074,0.6256256256256256,0.5485485485485485,0.15915915915915915,Party B,0.2816816816816817,0.3374374374374374,0.3345345345345345,0.3144094094094094
Tiruchirappalli,Tamil Nadu,0.8988988988988988,0.950950950950951,0.25725725725725723,0.6936936936936937,0.7027027027027027,0.13713713713713713,0.06106106106106106,Party C,0.9197197197197198,0.4772772772772773,0.5421421421421421,0.6704704704704706
Ariyalur,Tamil Nadu,0.8648648648648649,0.09109109109109109,0.3983983983983984,0.8348348348348348,0.8438438438438438,0.4874874874874875,0.2022022022022022,Party B,0.5553553553553554,0.6184184184184185,0.3883883883883884,0.5356856856856858
Tiruppur,Tamil Nadu,0.06806806806806807,0.5045045045045045,0.93993993993994,0.8638638638638638,0.8728728728728729,0.6916916916916916,0.6156156156156156,Party D,0.24264264264264263,0.9037037037037037,0.43123123123123125,0.5211611611611612
Thanjavur,Tamil Nadu,0.16516516516516516,0.2172172172172172,0.036036036036036036,0.960960960960961,0.96996996996997,0.4044044044044044,0.3283283283283283,Party C,0.18598598598598598,0.5003003003003003,0.48868868868868864,0.3716716716716716
Karur,Tamil Nadu,0.3793793793793794,0.4314314314314314,0.7387387387387387,0.17417417417417416,0.1831831831831832,0.4904904904904905,0.5425425425425425,Party D,0.4002002002002002,0.4582582582582583,0.5227227227227227,0.4511511511511512
Thiruvarur,Tamil Nadu,0.9209209209209209,0.972972972972973,0.4074074074074074,0.5065065065065065,0.7247247247247247,0.15915915915915915,0.08308308308308308,Party B,0.9417417417417417,0.5006006006006006,0.5377377377377377,0.6863413413413413
Dindigul,Tamil Nadu,0.8268268268268268,0.26226226226226224,0.5695695695695696,0.6216216216216216,0.014014014014014014,0.9379379379379379,0.3733733733733734,Party C,0.601001001001001,0.4740740740740741,0.18658658658658664,0.45297297297297295
Madurai,Tamil Nadu,0.995995995995996,0.6066066066066066,0.7387387387387387,0.965965965965966,0.1831831831831832,0.6186186186186187,0.7177177177177178,Party A,0.8402402402402402,0.6957957957957958,0.5159159159159159,0.7086036036036036
Theni,Tamil Nadu,0.2092092092092092,0.6456456456456456,0.08008008008008008,0.004004004004004004,0.013013013013013013,0.8328328328328328,0.7567567567567568,Party C,0.38378378378378375,0.04384384384384384,0.403003003003003,0.2696096096096096
Virudhunagar,Tamil Nadu,0.41041041041041043,0.5095095095095095,0.944944944944945,0.8688688688688688,0.8778778778778779,0.5215215215215215,0.7487487487487487,Party C,0.45005005005005005,0.9087087087087087,0.5865865865865866,0.6447147147147148
Thoothukkudi,Tamil Nadu,0.5815815815815816,0.6806806806806807,0.9409409409409409,0.03903903903903904,0.38538538538538536,0.6926926926926927,0.91991991991992,Party D,0.6212212212212213,0.5592592592592592,0.5523523523523524,0.5823173173173173
Kanyakumari,Tamil Nadu,0.6096096096096096,0.5335335335335335,0.968968968968969,0.8928928928928929,0.4134134134134134,0.7207207207207207,0.7727727727727728,Party D,0.5791791791791792,0.8350350350350351,0.47667667667667674,0.6431031031031031
Viluppuram,Tamil Nadu,0.8768768768768769,0.928928928928929,0.23523523523523523,0.6716716716716716,0.6806806806806807,0.987987987987988,0.03903903903903904,Party D,0.8976976976976977,0.45525525525525523,0.022822822822822796,0.5241241241241241
Cuddalore,Tamil Nadu,0.8578578578578578,0.2932932932932933,0.6006006006006006,0.6526526526526526,0.6616616616616616,0.968968968968969,0.4044044044044044,Party D,0.632032032032032,0.6284284284284284,0.18038038038038037,0.5178578578578579
Pudukkottai,Tamil Nadu,0.8178178178178178,0.8698698698698699,0.17617617617617617,0.4034034034034034,0.6216216216216216,0.928928928928929,0.980980980980981,Party A,0.8386386386386386,0.33343343343343346,0.43503503503503504,0.5609159159159159
Sivaganga,Tamil Nadu,0.6336336336336337,0.5575575575575575,0.992992992992993,0.3003003003003003,0.30930930930930933,0.7447447447447447,0.18018018018018017,Party B,0.6032032032032032,0.6484484484484484,0.22522522522522526,0.5245445445445445
Ramanathapuram,Tamil Nadu,0.6846846846846847,0.7367367367367368,0.043043043043043044,0.4794794794794795,0.48848848848848847,0.7957957957957958,0.8478478478478478,Party A,0.7055055055055055,0.2630630630630631,0.46166166166166167,0.48968968968968973
Nagapattinam,Tamil Nadu,0.8448448448448449,0.2802802802802803,0.2032032032032032,0.6396396396396397,0.6486486486486487,0.955955955955956,0.3913913913913914,Party D,0.619019019019019,0.42322322322322325,0.182982982982983,0.4414814814814815
Kallakurichi,Tamil Nadu,0.4874874874874875,0.5395395395395396,0.8468468468468469,0.2822822822822823,0.2912912912912913,0.7267267267267268,0.6506506506506506,Party D,0.5083083083083083,0.5663663663663664,0.42422422422422423,0.5076076076076076
Tenkasi,Tamil Nadu,0.7107107107107107,0.14614614614614616,0.45345345345345345,0.5055055055055055,0.5145145145145145,0.8218218218218218,0.25725725725725723,Party B,0.4848848848848849,0.4812812812812813,0.2098098098098098,0.41485485485485485
Tirunelveli,Tamil Nadu,0.3733733733733734,0.42542542542542544,0.7327327327327328,0.16816816816816818,0.17717717717717718,0.4844844844844845,0.5365365365365365,Party D,0.3941941941941942,0.45225225225225224,0.523923923923924,0.446946946946947
Vellore,Tamil Nadu,0.6056056056056056,0.8328328328328328,0.13913913913913914,0.5755755755755756,0.4094094094094094,0.8448448448448449,0.943943943943944,Party B,0.6964964964964965,0.3241241241241241,0.47067067067067064,0.5097097097097096
Ranipet,Tamil Nadu,0.8328328328328328,0.2682682682682683,0.5755755755755756,0.6276276276276276,0.02002002002002002,0.943943943943944,0.3793793793793794,Party C,0.607007007007007,0.4800800800800801,0.18538538538538538,0.45717717717717715
Tirupathur,Tamil Nadu,0.3783783783783784,0.8148148148148148,0.7377377377377378,0.17317317317317318,0.18218218218218218,0.6176176176176176,0.9259259259259259,Party B,0.552952952952953,0.4572572572572573,0.5997997997997999,0.5311711711711713
Kancheepuram,Tamil Nadu,0.985985985985986,0.4214214214214214,0.34434434434434436,0.7807807807807807,0.7897897897897898,0.0960960960960961,0.14814814814814814,Party C,0.7601601601601602,0.5643643643643643,0.6016016016016015,0.651991991991992
Chengalpattu,Tamil Nadu,0.8908908908908909,0.9429429429429429,0.24924924924924924,0.6856856856856857,0.6946946946946947,0.001001001001001001,0.05305305305305305,Party A,0.9117117117117117,0.46926926926926926,0.6206206206206206,0.684084084084084
Burhanpur,Madhya Pradesh,0.15015015015015015,0.2022022022022022,0.5095095095095095,0.7367367367367368,0.954954954954955,0.3893893893893894,0.3133133133133133,Party D,0.17097097097097097,0.6667667667667668,0.4916916916916917,0.4246796796796797
Gondia,Maharashtra,0.23623623623623624,0.8478478478478478,0.97997997997998,0.2062062062062062,0.04004004004004004,0.34734734734734735,0.958958958958959,Party C,0.4808808808808809,0.5598598598598599,0.7751751751751752,0.5820970970970971
Bhandara,Maharashtra,0.7047047047047047,0.7567567567567568,0.06306306306306306,0.4994994994994995,0.5085085085085085,0.8158158158158159,0.8678678678678678,Party C,0.7255255255255255,0.28308308308308305,0.45765765765765765,0.5037037037037038
Jalgaon,Maharashtra,0.19019019019019018,0.6266266266266266,0.933933933933934,0.985985985985986,0.994994994994995,0.4294294294294294,0.7377377377377378,Party B,0.36476476476476477,0.9617617617617618,0.6374374374374374,0.6418818818818819
Mahasamund,Chhattisgarh,0.4844844844844845,0.5365365365365365,0.8438438438438438,0.07007007007007007,0.2882882882882883,0.7237237237237237,0.6476476476476476,Party A,0.5053053053053054,0.5006006006006006,0.42482482482482486,0.48353853853853856
Wardha,Maharashtra,0.6636636636636637,0.0990990990990991,0.022022022022022022,0.45845845845845845,0.4674674674674675,0.9029029029029029,0.8268268268268268,Party B,0.4378378378378378,0.24204204204204205,0.38898898898898904,0.3570970970970971
Buldhana,Maharashtra,0.34734734734734735,0.062062062062062065,0.8818818818818819,0.933933933933934,0.15115115115115116,0.45845845845845845,0.6856856856856857,Party D,0.23323323323323325,0.7513513513513513,0.5991991991991992,0.5060660660660661
Valsad,Gujarat,0.3133133133133133,0.7497497497497497,0.056056056056056056,0.2832832832832833,0.11711711711711711,0.4244244244244244,0.8608608608608609,Party A,0.48788788788788784,0.13643643643643644,0.6896896896896897,0.4153303303303303
Akola,Maharashtra,0.8768768768768769,0.928928928928929,0.3633633633633634,0.6716716716716716,0.6806806806806807,0.11511511511511512,0.03903903903903904,Party D,0.8976976976976977,0.5193193193193193,0.5465465465465466,0.6774774774774774
Bhadrak,Odisha,0.8748748748748749,0.9269269269269269,0.23323323323323322,0.6696696696696697,0.6786786786786787,0.11311311311311312,0.037037037037037035,Party A,0.8956956956956957,0.4532532532532533,0.5469469469469469,0.6536536536536537
Dhenkanal,Odisha,0.3763763763763764,0.42842842842842843,0.7357357357357357,0.17117117117117117,0.18018018018018017,0.6156156156156156,0.5395395395395396,Party B,0.3971971971971972,0.45525525525525523,0.4464464464464465,0.42982982982982987
Jajpur,Odisha,0.7287287287287287,0.16416416416416416,0.47147147147147145,0.6986986986986987,0.5325325325325325,0.8398398398398398,0.2752752752752753,Party A,0.5029029029029028,0.5518518518518518,0.20620620620620625,0.44586086086086085
Subarnapur,Odisha,0.7067067067067067,0.14214214214214213,0.4494494494494494,0.5015015015015015,0.5105105105105106,0.9459459459459459,0.25325325325325326,Party D,0.4808808808808809,0.4772772772772773,0.13373373373373376,0.3928328328328329
Nuapada,Odisha,0.6746746746746747,0.7267267267267268,0.03303303303303303,0.4694694694694695,0.47847847847847846,0.7857857857857858,0.8378378378378378,Party D,0.6954954954954955,0.25305305305305303,0.4636636636636636,0.48268268268268266
Balangir,Odisha,0.5665665665665666,0.002002002002002002,0.30930930930930933,0.3613613613613614,0.37037037037037035,0.6776776776776777,0.11311311311311312,Party D,0.34074074074074073,0.33713713713713717,0.23863863863863863,0.3139539539539539
Nashik,Maharashtra,0.9019019019019019,0.8258258258258259,0.2602602602602603,0.1841841841841842,0.1931931931931932,0.012012012012012012,0.06406406406406406,Party C,0.8714714714714715,0.22402402402402405,0.6184184184184185,0.5816016016016017
Boudh,Odisha,0.8948948948948949,0.8188188188188188,0.25325325325325326,0.17717717717717718,0.5705705705705706,0.005005005005005005,0.057057057057057055,Party A,0.8644644644644645,0.29389389389389386,0.6198198198198197,0.6036036036036035
Gadchiroli,Maharashtra,0.4694694694694695,0.5215215215215215,0.8288288288288288,0.26426426426426425,0.2732732732732733,0.5805805805805806,0.6326326326326326,Party D,0.4902902902902903,0.5483483483483483,0.5047047047047046,0.5142142142142142
Washim,Maharashtra,0.29429429429429427,0.7307307307307307,0.6536536536536537,0.26426426426426425,0.0980980980980981,0.40540540540540543,0.8418418418418419,Party B,0.46886886886886886,0.4257257257257257,0.6934934934934935,0.5099249249249249
Cuttack,Odisha,0.24324324324324326,0.6796796796796797,0.11411411411411411,0.03803803803803804,0.04704704704704705,0.4824824824824825,0.918918918918919,Party C,0.41781781781781785,0.07787787787787787,0.6780780780780781,0.3639039039039039
Chandrapur,Maharashtra,0.7777777777777778,0.8298298298298298,0.13613613613613615,0.5725725725725725,0.5815815815815816,0.016016016016016016,0.9409409409409409,Party A,0.7985985985985986,0.35615615615615615,0.9667667667667668,0.6857857857857859
Yavatmal,Maharashtra,0.2962962962962963,0.3483483483483483,0.6556556556556556,0.09109109109109109,0.1001001001001001,0.5355355355355356,0.4594594594594595,Party B,0.3171171171171171,0.3751751751751752,0.4624624624624624,0.37377377377377374
Kandhamal,Odisha,0.4244244244244244,0.8608608608608609,0.2952952952952953,0.21921921921921922,0.22822822822822822,0.6636636636636637,0.9719719719719719,Party D,0.598998998998999,0.25905905905905907,0.5905905905905906,0.47791791791791793
Jalna,Maharashtra,0.6536536536536537,0.5775775775775776,0.012012012012012012,0.44844844844844844,0.4574574574574575,0.7647647647647647,0.8168168168168168,Party A,0.6232232232232232,0.23203203203203204,0.46786786786786794,0.44746746746746746
Nayagarh,Odisha,0.8928928928928929,0.3283283283283283,0.6356356356356356,0.6876876876876877,0.08008008008008008,0.5155155155155156,0.4394394394394394,Party D,0.6670670670670671,0.5401401401401401,0.4664664664664664,0.5724924924924925
Uttar Bastar Kanker,Chhattisgarh,0.4894894894894895,0.5415415415415415,0.8488488488488488,0.4594594594594595,0.2932932932932933,0.7287287287287287,0.6526526526526526,Party C,0.5103103103103104,0.620920920920921,0.4238238238238238,0.5274024024024024
Khordha,Odisha,0.955955955955956,0.8798798798798799,0.6986986986986987,0.7507507507507507,0.7597597597597597,0.06606606606606606,0.5025025025025025,Party C,0.9255255255255255,0.7265265265265265,0.7613613613613615,0.8148348348348349
Kalahandi,Odisha,0.5745745745745746,0.01001001001001001,0.44544544544544545,0.36936936936936937,0.3783783783783784,0.8138138138138138,0.12112112112112113,Party D,0.3487487487487488,0.4092092092092092,0.16016016016016016,0.3227627627627628
Jagatsinghpur,Odisha,0.8948948948948949,0.8188188188188188,0.25325325325325326,0.17717717717717718,0.18618618618618618,0.005005005005005005,0.057057057057057055,Party A,0.8644644644644645,0.217017017017017,0.6198198198198197,0.5766966966966967
Puri,Odisha,0.6606606606606606,0.0960960960960961,0.4034034034034034,0.45545545545545546,0.4644644644644645,0.7717717717717718,0.2072072072072072,Party A,0.43483483483483487,0.4312312312312313,0.2198198198198198,0.3798198198198198
Ahmednagar,Maharashtra,0.011011011011011011,0.7267267267267268,0.5455455455455456,0.4694694694694695,0.6066066066066066,0.12212212212212212,0.34934934934934936,Party C,0.2972972972972973,0.5349349349349349,0.6664664664664665,0.47276276276276274
Nabarangapur,Odisha,0.963963963963964,0.015015015015015015,0.32232232232232233,0.3743743743743744,0.7677677677677678,0.6906906906906907,0.12612612612612611,Party D,0.5843843843843843,0.4270270270270271,0.23603603603603607,0.44222222222222224
Hingoli,Maharashtra,0.009009009009009009,0.06106106106106106,0.3683683683683684,0.8048048048048048,0.8138138138138138,0.12012012012012012,0.17217217217217218,Party B,0.029829829829829832,0.5883883883883884,0.5967967967967969,0.36706706706706704
Rayagada,Odisha,0.5095095095095095,0.5615615615615616,0.8688688688688688,0.09509509509509509,0.3133133133133133,0.7487487487487487,0.6726726726726727,Party C,0.5303303303303303,0.5256256256256255,0.41981981981981986,0.501056056056056
Nanded,Maharashtra,0.04504504504504504,0.0970970970970971,0.4044044044044044,0.8408408408408409,0.8498498498498499,0.15615615615615616,0.2082082082082082,Party A,0.06586586586586587,0.6244244244244244,0.5895895895895895,0.39229229229229223
Narayanpur,Chhattisgarh,0.9769769769769769,0.4124124124124124,0.7197197197197197,0.9469469469469469,0.7807807807807807,0.08708708708708708,0.5235235235235235,Party B,0.751151151151151,0.8001001001001001,0.7571571571571571,0.7697847847847847
Parbhani,Maharashtra,0.2902902902902903,0.005005005005005005,0.8248248248248248,0.7487487487487487,0.0940940940940941,0.4014014014014014,0.6286286286286287,Party B,0.17617617617617617,0.6558558558558559,0.6106106106106106,0.4526726726726727
Pune,Maharashtra,0.5055055055055055,0.8138138138138138,0.24824824824824826,0.17217217217217218,0.30930930930930933,0.6166166166166166,0.05205205205205205,Party A,0.6288288288288288,0.23763763763763765,0.25085085085085085,0.3974174174174175
Beed,Maharashtra,0.23923923923923923,0.16316316316316315,0.982982982982983,0.9069069069069069,0.9159159159159159,0.35035035035035034,0.7867867867867868,Party A,0.2088088088088088,0.9467467467467467,0.7045045045045045,0.5910110110110111
Mumbai,Maharashtra,0.8888888888888888,0.9409409409409409,0.24724724724724725,0.6836836836836837,0.6926926926926927,1.0,0.05105105105105105,Party A,0.9097097097097098,0.4672672672672673,0.020420420420420422,0.5325325325325326
Koraput,Odisha,0.07707707707707707,0.12912912912912913,0.4364364364364364,0.8728728728728729,0.8818818818818819,0.3163163163163163,0.24024024024024024,Party D,0.0978978978978979,0.6564564564564564,0.5063063063063062,0.39549549549549545
Srikakulam,Andhra Pradesh,0.3123123123123123,0.7487487487487487,0.055055055055055056,0.2822822822822823,0.11611611611611612,0.42342342342342343,0.8598598598598599,Party C,0.48688688688688686,0.13543543543543546,0.68988988988989,0.4146296296296297
Vizianagaram,Andhra Pradesh,0.8848848848848849,0.3203203203203203,0.6276276276276276,0.8548548548548549,0.6886886886886887,0.995995995995996,0.4314314314314314,Party A,0.659059059059059,0.708008008008008,0.174974974974975,0.5551701701701702
Latur,Maharashtra,0.11911911911911911,0.17117117117117117,0.47847847847847846,0.5305305305305306,0.923923923923924,0.23023023023023023,0.2822822822822823,Party D,0.13993993993993994,0.5831831831831832,0.5747747747747748,0.40378378378378377
Osmanabad,Maharashtra,0.7157157157157157,0.7677677677677678,0.07407407407407407,0.12612612612612611,0.5195195195195195,0.954954954954955,0.8788788788788788,Party D,0.7365365365365366,0.1787787787787788,0.3785785785785786,0.45183183183183184
Malkangiri,Odisha,0.93993993993994,0.24724724724724725,0.6826826826826827,0.6066066066066066,0.12712712712712712,0.05005005005005005,0.4864864864864865,Party B,0.6628628628628629,0.5487487487487488,0.7645645645645646,0.6483483483483483
Solapur,Maharashtra,0.8648648648648649,0.9169169169169169,0.22322322322322322,0.6596596596596597,0.6686686686686687,0.1031031031031031,0.02702702702702703,Party B,0.8856856856856857,0.44324324324324327,0.548948948948949,0.6466466466466467
Visakhapatnam,Andhra Pradesh,0.03303303303303303,0.34134134134134136,0.7767767767767768,0.8288288288288288,0.8378378378378378,0.14414414414414414,0.5805805805805806,Party C,0.15635635635635636,0.8046046046046047,0.7457457457457457,0.5305905905905905
Bidar,Karnataka,0.9529529529529529,0.3883883883883884,0.6956956956956957,0.7477477477477478,0.7567567567567568,0.06306306306306306,0.4994994994994995,Party C,0.7271271271271271,0.7235235235235236,0.7619619619619619,0.7345745745745746
Satara,Maharashtra,0.4364364364364364,0.7447447447447447,0.17917917917917917,0.1031031031031031,0.11211211211211211,0.5475475475475475,0.983983983983984,Party A,0.5597597597597597,0.14294294294294294,0.6650650650650651,0.4402002002002002
Ratnagiri,Maharashtra,0.32232232232232233,0.6306306306306306,0.06506506506506507,0.98998998998999,0.998998998998999,0.43343343343343343,0.8698698698698699,Party A,0.4456456456456457,0.5293293293293293,0.6878878878878879,0.5354954954954955
Kalaburagi,Karnataka,0.8178178178178178,0.8698698698698699,0.17617617617617617,0.6126126126126126,0.6216216216216216,0.928928928928929,0.980980980980981,Party C,0.8386386386386386,0.39619619619619617,0.43503503503503504,0.5828828828828828
Sangli,Maharashtra,0.7377377377377378,0.17317317317317318,0.0960960960960961,0.5325325325325325,0.5415415415415415,0.8488488488488488,0.28428428428428426,Party C,0.5119119119119119,0.3161161161161161,0.2044044044044044,0.3665065065065065
Kolhapur,Maharashtra,0.4934934934934935,0.92992992992993,0.23623623623623624,0.46346346346346345,0.2972972972972973,0.6046046046046046,0.04004004004004004,Party B,0.6680680680680681,0.3166166166166166,0.2532532532532532,0.44135635635635634
Krishna,Andhra Pradesh,0.4024024024024024,0.4544544544544545,0.7617617617617618,0.1971971971971972,0.2062062062062062,0.5135135135135135,0.5655655655655656,Party C,0.42322322322322325,0.4812812812812813,0.5181181181181181,0.4672672672672673
Belagavi,Karnataka,0.6656656656656657,0.7177177177177178,0.024024024024024024,0.07607607607607608,0.4694694694694695,0.7767767767767768,0.8288288288288288,Party A,0.6864864864864866,0.12872872872872876,0.4654654654654654,0.43601601601601603
Yadgir,Karnataka,0.19019019019019018,0.24224224224224225,0.5495495495495496,0.7767767767767768,0.994994994994995,0.4294294294294294,0.3533533533533533,Party D,0.211011011011011,0.7068068068068069,0.48368368368368364,0.45270770770770774
Bagalkote,Karnataka,0.5595595595595596,0.7867867867867868,0.09309309309309309,0.14514514514514515,0.15415415415415415,0.6706706706706707,0.8978978978978979,Party B,0.6504504504504505,0.12092092092092091,0.5567567567567568,0.4416916916916917
Sindhudurg,Maharashtra,0.5625625625625625,0.4864864864864865,0.9219219219219219,0.35735735735735735,0.3663663663663664,0.6736736736736737,0.7257257257257257,Party B,0.5321321321321322,0.6414414414414414,0.48608608608608606,0.5588788788788789
Guntur,Andhra Pradesh,0.8158158158158159,0.8678678678678678,0.3023023023023023,0.4014014014014014,0.6196196196196196,0.05405405405405406,0.978978978978979,Party A,0.8366366366366367,0.3954954954954955,0.9591591591591592,0.7128678678678679
East Godavari,Andhra Pradesh,0.5215215215215215,0.8298298298298298,0.26426426426426425,0.1881881881881882,0.1971971971971972,0.6326326326326326,0.06806806806806807,Party C,0.6448448448448448,0.22802802802802802,0.24764764764764768,0.39965965965965966
Raichur,Karnataka,0.8328328328328328,0.2682682682682683,0.7037037037037037,0.8028028028028028,0.6366366366366366,0.07107107107107107,0.3793793793793794,Party A,0.607007007007007,0.7200200200200201,0.7091091091091091,0.6720870870870871
Prakasam,Andhra Pradesh,0.5435435435435435,0.5955955955955956,0.9029029029029029,0.3383383383383383,0.34734734734734735,0.6546546546546547,0.7067067067067067,Party A,0.5643643643643643,0.6224224224224224,0.48988988988988985,0.566066066066066
Kurnool,Andhra Pradesh,0.6566566566566566,0.0920920920920921,0.3993993993993994,0.45145145145145144,0.46046046046046046,0.7677677677677678,0.2032032032032032,Party C,0.43083083083083085,0.4272272272272273,0.2206206206206206,0.37701701701701706
Koppal,Karnataka,0.7497497497497497,0.8018018018018018,0.10810810810810811,0.5445445445445446,0.5535535535535535,0.8608608608608609,0.9129129129129129,Party B,0.7705705705705705,0.32812812812812814,0.4486486486486486,0.5352352352352352
Gadag,Karnataka,0.07707707707707707,0.6886886886886887,0.6116116116116116,0.04704704704704705,0.2652652652652653,0.1881881881881882,0.7997997997997998,Party D,0.32172172172172175,0.372972972972973,0.807007007007007,0.460980980980981
North Goa,Goa,0.8538538538538538,0.9059059059059059,0.2122122122122122,0.6486486486486487,0.6576576576576577,0.964964964964965,0.016016016016016016,Party D,0.8746746746746746,0.4322322322322323,0.027427427427427417,0.508008008008008
Ballari,Karnataka,0.8878878878878879,0.93993993993994,0.24624624624624625,0.6826826826826827,0.6916916916916916,0.12612612612612611,0.05005005005005005,Party D,0.9087087087087087,0.4662662662662662,0.5443443443443443,0.6627627627627627
Dharwad,Karnataka,0.1931931931931932,0.24524524524524524,0.5525525525525525,0.6046046046046046,0.997997997997998,0.30430430430430433,0.3563563563563564,Party D,0.21401401401401401,0.6572572572572573,0.55995995995996,0.4556356356356356
Uttara Kannada,Karnataka,0.5435435435435435,0.97997997997998,0.2862862862862863,0.3383383383383383,0.34734734734734735,0.6546546546546547,0.09009009009009009,Party C,0.7181181181181181,0.3141141141141141,0.24324324324324323,0.457997997997998
South Goa,Goa,0.954954954954955,0.006006006006006006,0.3133133133133133,0.7497497497497497,0.7587587587587588,0.1931931931931932,0.11711711711711711,Party A,0.5753753753753754,0.5333333333333333,0.5309309309309309,0.5495495495495495
Haveri,Karnataka,0.7947947947947948,0.8468468468468469,0.15315315315315314,0.5895895895895896,0.5985985985985987,0.03303303303303303,0.9579579579579579,Party C,0.8156156156156156,0.3731731731731732,0.9633633633633634,0.6976976976976977
Anantapur,Andhra Pradesh,0.36036036036036034,0.7967967967967968,0.1031031031031031,0.3303303303303303,0.5485485485485485,0.983983983983984,0.9079079079079079,Party D,0.5349349349349349,0.26036036036036037,0.37277277277277276,0.3982932932932933
S.P.S. Nellore,Andhra Pradesh,0.27627627627627627,0.2002002002002002,0.01901901901901902,0.943943943943944,0.9529529529529529,0.38738738738738737,0.8238238238238238,Party B,0.24584584584584585,0.4832832832832833,0.6970970970970971,0.44176176176176174
Chitradurga,Karnataka,0.22022022022022023,0.6566566566566566,0.09109109109109109,0.015015015015015015,0.024024024024024024,0.4594594594594595,0.7677677677677678,Party C,0.39479479479479473,0.05485485485485486,0.6314314314314315,0.33497497497497497
Davanagere,Karnataka,0.8998998998998999,0.9519519519519519,0.3863863863863864,0.4854854854854855,0.7037037037037037,0.13813813813813813,0.5745745745745746,Party B,0.9207207207207208,0.47957957957957953,0.746946946946947,0.7228778778778778
Shivamogga,Karnataka,0.7247247247247247,0.03203203203203203,0.4674674674674675,0.5665665665665666,0.9129129129129129,0.8358358358358359,0.27127127127127126,Party C,0.44764764764764764,0.5862862862862863,0.20700700700700697,0.436011011011011
Udupi,Karnataka,0.05105105105105105,0.4874874874874875,0.7947947947947948,0.8468468468468469,0.23923923923923923,0.16216216216216217,0.5985985985985987,Party A,0.22562562562562563,0.6992992992992992,0.7421421421421421,0.5205405405405406
Chikkamagaluru,Karnataka,0.4904904904904905,0.9269269269269269,0.23323323323323322,0.2852852852852853,0.29429429429429427,0.6016016016016016,0.037037037037037035,Party A,0.6650650650650651,0.2610610610610611,0.25385385385385384,0.42086086086086083
Chikkaballapura,Karnataka,0.2962962962962963,0.3483483483483483,0.6556556556556556,0.09109109109109109,0.1001001001001001,0.5355355355355356,0.4594594594594595,Party C,0.3171171171171171,0.3751751751751752,0.4624624624624624,0.37377377377377374
Hassan,Karnataka,0.4934934934934935,0.4174174174174174,0.8528528528528528,0.7767767767767768,0.7857857857857858,0.6046046046046046,0.6566566566566566,Party C,0.463063063063063,0.8166166166166166,0.49989989989989986,0.596016016016016
Kolar,Karnataka,0.24024024024024024,0.5485485485485485,0.983983983983984,0.9079079079079079,0.42842842842842843,0.35135135135135137,0.7877877877877878,Party A,0.36356356356356356,0.85005005005005,0.7043043043043044,0.619019019019019
Bengaluru Rural,Karnataka,0.6996996996996997,0.7517517517517518,0.05805805805805806,0.4944944944944945,0.5035035035035035,0.938938938938939,0.8628628628628628,Party B,0.7205205205205205,0.27807807807807805,0.3817817817817818,0.48098098098098097
Dakshina Kannada,Karnataka,0.4394394394394394,0.4914914914914915,0.7987987987987988,0.8508508508508509,0.24324324324324326,0.5505505505505506,0.6026026026026026,Party C,0.46026026026026023,0.7033033033033034,0.5107107107107107,0.5579379379379379
Bengaluru Urban,Karnataka,0.26126126126126126,0.3133133133133133,0.6206206206206206,0.056056056056056056,0.06506506506506507,0.37237237237237236,0.4244244244244244,Party A,0.2820820820820821,0.3401401401401401,0.5463463463463463,0.3684684684684684
Kasaragod,Kerala,0.07207207207207207,0.5085085085085085,0.8158158158158159,0.8678678678678678,0.8768768768768769,0.6956956956956957,0.6196196196196196,Party D,0.24664664664664665,0.8436436436436437,0.43043043043043044,0.5015415415415415
Kodagu,Karnataka,0.955955955955956,0.007007007007007007,0.31431431431431434,0.5415415415415415,0.7597597597597597,0.06606606606606606,0.11811811811811812,Party C,0.5763763763763763,0.4715715715715716,0.6076076076076077,0.5475025025025024
Chamarajanagara,Karnataka,0.4574574574574575,0.06806806806806807,0.991991991991992,0.42742742742742745,0.6456456456456456,0.5685685685685685,0.17917917917917917,Party B,0.30170170170170174,0.7533533533533533,0.33053053053053055,0.466986986986987
Wayanad,Kerala,0.8208208208208209,0.04704704704704705,0.17917917917917917,0.4064064064064064,0.6246246246246246,0.9319319319319319,0.15815815815815815,Party A,0.5113113113113114,0.3364364364364364,0.10410410410410412,0.34830330330330334
Kozhikode,Kerala,0.44844844844844844,0.5005005005005005,0.8078078078078078,0.24324324324324326,0.25225225225225223,0.5595595595595596,0.6116116116116116,Party D,0.4692692692692693,0.5273273273273273,0.5089089089089089,0.4994994994994995
Malappuram,Kerala,0.7047047047047047,0.14014014014014015,0.5755755755755756,0.4994994994994995,0.8928928928928929,0.32732732732732733,0.25125125125125125,Party C,0.47887887887887887,0.6162162162162163,0.504104104104104,0.5332532532532532
Palakkad,Kerala,0.8948948948948949,0.8188188188188188,0.25325325325325326,0.5615615615615616,0.6986986986986987,0.005005005005005005,0.057057057057057055,Party C,0.8644644644644645,0.43483483483483487,0.6198198198198197,0.6529329329329329
Thrissur,Kerala,0.05805805805805806,0.11011011011011011,0.4174174174174174,0.6446446446446447,0.8628628628628628,0.16916916916916916,0.22122122122122123,Party D,0.07887887887887889,0.5746746746746747,0.586986986986987,0.3794344344344345
Idukki,Kerala,0.13713713713713713,0.5735735735735735,0.8808808808808809,0.10710710710710711,0.9419419419419419,0.7607607607607607,0.6846846846846847,Party C,0.3117117117117117,0.660960960960961,0.41741741741741745,0.46037537537537543
Ernakulam,Kerala,0.9359359359359359,0.16216216216216217,0.4694694694694695,0.9059059059059059,0.7397397397397397,0.04604604604604605,0.2732732732732733,Party D,0.6264264264264264,0.6544544544544545,0.6816816816816818,0.6500500500500501
Alappuzha,Kerala,0.7297297297297297,0.16516516516516516,0.4724724724724725,0.5245245245245245,0.5335335335335335,0.8408408408408409,0.27627627627627627,Party B,0.5039039039039038,0.5003003003003003,0.206006006006006,0.4281681681681681
Kottayam,Kerala,0.1971971971971972,0.12112112112112113,0.5565565565565566,0.992992992992993,0.001001001001001001,0.3083083083083083,0.36036036036036034,Party C,0.16676676676676677,0.5763763763763763,0.5591591591591591,0.4082282282282282
Pathanamthitta,Kerala,0.005005005005005005,0.44144144144144143,0.7487487487487487,0.8008008008008008,0.8098098098098098,0.11611611611611612,0.5525525525525525,Party D,0.17957957957957957,0.7765765765765766,0.7513513513513513,0.5314714714714714
Kollam,Kerala,0.5715715715715716,0.6236236236236237,0.9309309309309309,0.3663663663663664,0.37537537537537535,0.6826826826826827,0.7347347347347347,Party C,0.5923923923923924,0.6504504504504505,0.48428428428428427,0.5856856856856857
Thiruvananthapuram,Kerala,0.5775775775775776,0.8048048048048048,0.1111111111111111,0.5475475475475475,0.3813813813813814,0.8168168168168168,0.9159159159159159,Party B,0.6684684684684685,0.2960960960960961,0.4762762762762763,0.49009009009009014
West Godavari,Andhra Pradesh,0.2822822822822823,0.7187187187187187,0.025025025025025027,0.07707707707707707,0.08608608608608609,0.3933933933933934,0.8298298298298298,Party B,0.45685685685685684,0.05285285285285285,0.6958958958958958,0.37521521521521517
Dakshin Bastar Dantewada,Chhattisgarh,0.16316316316316315,0.08708708708708708,0.5225225225225225,0.6216216216216216,0.9679679679679679,0.27427427427427425,0.3263263263263263,Party D,0.13273273273273273,0.6413413413413414,0.5659659659659659,0.41905405405405405
Bastar,Chhattisgarh,0.04104104104104104,0.4774774774774775,0.7847847847847848,0.8368368368368369,0.8458458458458459,0.15215215215215216,0.5885885885885885,Party A,0.21561561561561562,0.8126126126126125,0.7441441441441441,0.5566966966966966
Kondagaon,Chhattisgarh,0.8098098098098098,0.8618618618618619,0.16816816816816818,0.6046046046046046,0.6136136136136137,0.9209209209209209,0.972972972972973,Party C,0.8306306306306306,0.3881881881881882,0.43663663663663665,0.5772772772772773
Gariaband,Chhattisgarh,0.2602602602602603,0.1841841841841842,0.6196196196196196,0.9279279279279279,0.9369369369369369,0.3713713713713714,0.42342342342342343,Party B,0.22982982982982986,0.7755755755755755,0.5465465465465466,0.50002002002002
Raipur,Chhattisgarh,0.44244244244244246,0.3663663663663664,0.8018018018018018,0.7257257257257257,0.11811811811811812,0.5535535535535535,0.6056056056056056,Party A,0.412012012012012,0.6422422422422422,0.5101101101101101,0.517117117117117
Durg,Chhattisgarh,0.26226226226226224,0.5705705705705706,0.005005005005005005,0.92992992992993,0.06606606606606606,0.3733733733733734,0.8098098098098098,Party D,0.3855855855855856,0.2946946946946947,0.6998998998998999,0.43235235235235236
Thane,Maharashtra,0.5965965965965966,0.03203203203203203,0.33933933933933935,0.3913913913913914,0.4004004004004004,0.7077077077077077,0.14314314314314314,Party D,0.37077077077077075,0.3671671671671672,0.2326326326326326,0.33497497497497497
Adilabad,Telangana,0.6666666666666666,0.1021021021021021,0.025025025025025027,0.46146146146146144,0.47047047047047047,0.9059059059059059,0.2132132132132132,Party C,0.4408408408408408,0.24504504504504504,0.14174174174174173,0.29753753753753753
Hyderabad,Telangana,0.3163163163163163,0.24024024024024024,0.6756756756756757,0.5995995995995996,0.12012012012012012,0.42742742742742745,0.4794794794794795,Party A,0.28588588588588587,0.5417417417417417,0.5353353353353353,0.4377977977977978
Jagtial,Telangana,0.5805805805805806,0.6326326326326326,0.93993993993994,0.16616616616616617,0.3843843843843844,0.8198198198198198,0.7437437437437437,Party D,0.6014014014014013,0.5966966966966967,0.4056056056056056,0.5508058058058057
Jangaon,Telangana,0.7907907907907908,0.8898898898898899,0.5335335335335335,0.7607607607607607,0.5945945945945946,0.9019019019019019,0.12812812812812813,Party C,0.8304304304304304,0.6139139139139138,0.11011011011011011,0.5745695695695696
Mulugu,Telangana,0.2932932932932933,0.5205205205205206,0.955955955955956,0.8798798798798799,0.8888888888888888,0.5325325325325325,0.6316316316316316,Party C,0.3841841841841842,0.9197197197197198,0.533133133133133,0.6088588588588588
Jogulamba Gadwal,Telangana,0.3973973973973974,0.6246246246246246,0.8848848848848849,0.983983983983984,0.2012012012012012,0.6366366366366366,0.7357357357357357,Party C,0.4882882882882883,0.7778778778778779,0.5123123123123123,0.5956506506506507
Kamareddy,Telangana,0.3183183183183183,0.37037037037037035,0.6776776776776777,0.9049049049049049,0.12212212212212212,0.4294294294294294,0.48148148148148145,Party B,0.3391391391391391,0.6347347347347347,0.5349349349349349,0.4915465465465465
Karimnagar,Telangana,0.8338338338338338,0.26926926926926925,0.5765765765765766,0.6286286286286287,0.021021021021021023,0.944944944944945,0.38038038038038036,Party B,0.6080080080080079,0.48108108108108105,0.18518518518518517,0.4578778778778778
Khammam,Telangana,0.992992992992993,0.9169169169169169,0.35135135135135137,0.7877877877877878,0.7967967967967968,0.1031031031031031,0.15515515515515516,Party B,0.9625625625625626,0.5713713713713714,0.6002002002002003,0.7350550550550552
Komaram Bheem,Telangana,0.7497497497497497,0.8018018018018018,0.10810810810810811,0.3353353353353353,0.5535535535535535,0.8608608608608609,0.9129129129129129,Party C,0.7705705705705705,0.26536536536536537,0.4486486486486486,0.5132682682682683
Mahabubabad,Telangana,0.8308308308308309,0.92992992992993,0.36436436436436437,0.2882882882882883,0.5065065065065065,0.9419419419419419,0.16816816816816818,Party B,0.8704704704704704,0.36996996996997,0.10210210210210212,0.5032032032032032
Mahabubnagar,Telangana,0.5925925925925926,0.028028028028028028,0.3353353353353353,0.38738738738738737,0.3963963963963964,0.7037037037037037,0.13913913913913914,Party A,0.3667667667667667,0.36316316316316316,0.23343343343343342,0.3321721721721721
Mancherial,Telangana,0.6836836836836837,0.7357357357357357,0.17017017017017017,0.0940940940940941,0.4874874874874875,0.9229229229229229,0.8468468468468469,Party D,0.7045045045045044,0.21081081081081082,0.38498498498498507,0.4518318318318318
Medak,Telangana,0.6816816816816816,0.6056056056056056,0.04004004004004004,0.47647647647647645,0.4854854854854855,0.7927927927927928,0.8448448448448449,Party D,0.6512512512512513,0.26006006006006005,0.4622622622622623,0.46708708708708707
Medchal Malkajgiri,Telangana,0.3083083083083083,0.7447447447447447,0.6676676676676677,0.1031031031031031,0.11211211211211211,0.4194194194194194,0.8558558558558559,Party B,0.48288288288288284,0.3871871871871872,0.6906906906906907,0.5013413413413413
Nagarkurnool,Telangana,0.11611611611611612,0.16816816816816818,0.4754754754754755,0.7027027027027027,0.9209209209209209,0.22722722722722724,0.27927927927927926,Party B,0.13693693693693693,0.6327327327327328,0.5753753753753753,0.420075075075075
Nalgonda,Telangana,0.01901901901901902,0.45545545545545546,0.7627627627627628,0.8148148148148148,0.8238238238238238,0.6426426426426426,0.5665665665665666,Party D,0.1935935935935936,0.7905905905905906,0.4410410410410411,0.46440440440440434
Nirmal,Telangana,0.5245245245245245,0.6236236236236237,0.05805805805805806,0.3663663663663664,0.7127127127127127,0.6356356356356356,0.24624624624624625,Party A,0.5641641641641642,0.2814814814814815,0.3171171171171171,0.4034634634634635
Nizamabad,Telangana,0.7527527527527528,0.97997997997998,0.7987987987987988,0.7227227227227228,0.5565565565565566,0.37537537537537535,0.09009009009009009,Party C,0.8436436436436436,0.7275275275275276,0.41081081081081083,0.6947947947947948
Peddapalli,Telangana,0.991991991991992,0.6026026026026026,0.5255255255255256,0.9619619619619619,0.970970970970971,0.40540540540540543,0.7137137137137137,Party C,0.8362362362362362,0.7455455455455455,0.6422422422422422,0.755995995995996
Rajanna Sircilla,Telangana,0.8728728728728729,0.18018018018018017,0.6156156156156156,0.6676676676676677,0.6766766766766766,0.983983983983984,0.4194194194194194,Party C,0.5957957957957958,0.6434434434434435,0.17737737737737738,0.5078678678678679
Ranga Reddy,Telangana,0.3263263263263263,0.7627627627627628,0.06906906906906907,0.12112112112112113,0.13013013013013014,0.94994994994995,0.8738738738738738,Party C,0.5009009009009009,0.0968968968968969,0.37957957957957955,0.32916916916916916
Sangareddy,Telangana,0.46346346346346345,0.8998998998998999,0.2062062062062062,0.43343343343343343,0.2672672672672673,0.5745745745745746,0.01001001001001001,Party A,0.638038038038038,0.2865865865865866,0.25925925925925924,0.42033533533533535
Siddipet,Telangana,0.24924924924924924,0.3483483483483483,0.7837837837837838,0.7077077077077077,0.9259259259259259,0.36036036036036034,0.5875875875875876,Party D,0.28888888888888886,0.7893893893893894,0.6188188188188188,0.5465465465465464
Suryapet,Telangana,0.3123123123123123,0.4114114114114114,0.8468468468468469,0.2822822822822823,0.2912912912912913,0.42342342342342343,0.6506506506506506,Party C,0.35195195195195195,0.5663663663663664,0.6062062062062061,0.4905605605605605
Vikarabad,Telangana,0.6126126126126126,0.8398398398398398,0.14614614614614616,0.5825825825825826,0.4164164164164164,0.7237237237237237,0.950950950950951,Party D,0.7035035035035035,0.33113113113113113,0.5461461461461462,0.5338338338338339
Wanaparthy,Telangana,0.008008008008008008,0.6196196196196196,0.5425425425425425,0.978978978978979,0.1961961961961962,0.6316316316316316,0.7307307307307307,Party B,0.2526526526526527,0.6042042042042042,0.5133133133133133,0.44086086086086085
Warangal Rural,Telangana,0.8748748748748749,0.1011011011011011,0.4084084084084084,0.46046046046046046,0.6786786786786787,0.985985985985986,0.2122122122122122,Party A,0.5653653653653654,0.4780780780780781,0.0932932932932933,0.4167967967967968
Warangal Urban,Telangana,0.7607607607607607,0.06806806806806807,0.5035035035035035,0.42742742742742745,0.5645645645645646,0.8718718718718719,0.3073073073073073,Party D,0.48368368368368364,0.49289289289289295,0.1997997997997998,0.4159359359359359
Yadadri Bhuvanagiri,Telangana,0.1111111111111111,0.5475475475475475,0.8548548548548549,0.9069069069069069,0.9159159159159159,0.7347347347347347,0.6586586586586587,Party B,0.2856856856856857,0.8826826826826827,0.4226226226226226,0.5288688688688689
South 24 Parganas,West Bengal,0.7477477477477478,0.974974974974975,0.28128128128128127,0.3333333333333333,0.5515515515515516,0.986986986986987,0.08508508508508508,Party C,0.8386386386386386,0.3509509509509509,0.041841841841841865,0.4687487487487487
Amreli,Gujarat,0.9459459459459459,0.17217217217217218,0.4794794794794795,0.5315315315315315,0.5405405405405406,0.056056056056056056,0.2832832832832833,Party A,0.6364364364364364,0.5073073073073073,0.6796796796796797,0.6020520520520521
Angul,Odisha,0.15315315315315314,0.07707707707707707,0.5125125125125125,0.948948948948949,0.9579579579579579,0.26426426426426425,0.7007007007007007,Party B,0.12272272272272272,0.7325325325325325,0.7217217217217218,0.4859059059059059
Dang,Gujarat,0.8238238238238238,0.25925925925925924,0.5665665665665666,0.7937937937937938,0.6276276276276276,0.934934934934935,0.37037037037037035,Party B,0.597997997997998,0.646946946946947,0.18718718718718716,0.5124274274274274
Dhamtari,Chhattisgarh,0.9129129129129129,0.3483483483483483,0.7837837837837838,0.7077077077077077,0.1001001001001001,0.5355355355355356,0.4594594594594595,Party D,0.6870870870870871,0.6242242242242242,0.4624624624624624,0.6089289289289289
Kendrapara,Odisha,0.13613613613613615,0.7477477477477478,0.007007007007007007,0.1061061061061061,0.32432432432432434,0.7597597597597597,0.986986986986987,Party C,0.3807807807807808,0.1002002002002002,0.538938938938939,0.32211711711711716
Dadra and Nagar Haveli,Dadra and Nagar Haveli and Daman and Diu,0.35535535535535534,0.27927927927927926,0.7147147147147147,0.3253253253253253,0.15915915915915915,0.46646646646646645,0.9029029029029029,Party D,0.3249249249249249,0.4867867867867868,0.6812812812812813,0.4706656656656657
Palghar,Maharashtra,0.11211211211211211,0.036036036036036036,0.8558558558558559,0.7797797797797797,0.7887887887887888,0.22322322322322322,0.6596596596596597,Party C,0.08168168168168169,0.8196196196196197,0.72992992992993,0.502022022022022
Ganjam,Odisha,0.6436436436436437,0.8708708708708709,0.3053053053053053,0.22922922922922923,0.44744744744744747,0.8828828828828829,0.9819819819819819,Party A,0.7345345345345347,0.3109109109109109,0.46306306306306305,0.5183983983983985
Gajapati,Odisha,0.3383383383383383,0.7747747747747747,0.6976976976976977,0.13313313313313313,0.14214214214214213,0.4494494494494494,0.8858858858858859,Party B,0.5129129129129129,0.4172172172172172,0.6846846846846847,0.5223623623623623
Y.S.R. Kadapa,Andhra Pradesh,0.27927927927927926,0.3783783783783784,0.8138138138138138,0.12112112112112113,0.955955955955956,0.39039039039039036,0.001001001001001001,Party A,0.3189189189189189,0.6344344344344344,0.36616616616616615,0.4411611611611611
Tumakuru,Karnataka,0.2672672672672673,0.7037037037037037,0.6266266266266266,0.062062062062062065,0.07107107107107107,0.3783783783783784,0.8148148148148148,Party D,0.44184184184184183,0.34614614614614614,0.6988988988988989,0.4726126126126126
Chittoor,Andhra Pradesh,0.34034034034034033,0.055055055055055056,0.6996996996996997,0.9269269269269269,0.14414414414414414,0.45145145145145144,0.6786786786786787,Party B,0.2262262262262262,0.6567567567567568,0.6006006006006006,0.4705055055055055
Ramanagara,Karnataka,0.7947947947947948,0.8938938938938938,0.3283283283283283,0.6366366366366366,0.7737737737737738,0.9059059059059059,0.13213213213213212,Party A,0.8344344344344344,0.5099099099099099,0.1093093093093093,0.5395695695695696
Mandya,Karnataka,0.3023023023023023,0.5295295295295295,0.6616616616616616,0.2722722722722723,0.1061061061061061,0.4134134134134134,0.6406406406406406,Party C,0.3931931931931932,0.43373373373373375,0.6082082082082082,0.46113613613613613
Mysuru,Karnataka,0.7387387387387387,0.17417417417417416,0.48148148148148145,0.7087087087087087,0.5425425425425425,0.8498498498498499,0.2852852852852853,Party D,0.5129129129129129,0.5618618618618618,0.20420420420420418,0.45286786786786787
Kannur,Kerala,0.16716716716716717,0.26626626626626626,0.7017017017017017,0.6256256256256256,0.9719719719719719,0.2782782782782783,0.5055055055055055,Party B,0.2068068068068068,0.7329329329329329,0.6352352352352353,0.4980580580580581
Puducherry,Puducherry,0.7017017017017017,0.6256256256256256,0.06006006006006006,0.3683683683683684,0.5055055055055055,0.8128128128128128,0.24824824824824826,Party D,0.6712712712712712,0.24164164164164165,0.21161161161161163,0.40598598598598595
Balod,Chhattisgarh,0.36936936936936937,0.2932932932932933,0.7287287287287287,0.16416416416416416,0.17317317317317318,0.4804804804804805,0.5325325325325325,Party B,0.3389389389389389,0.4482482482482482,0.5247247247247246,0.4236436436436436
Bhadradri Kothagudem,Telangana,0.015015015015015015,0.11411411411411411,0.5495495495495496,0.8578578578578578,0.6916916916916916,0.12612612612612611,0.7377377377377378,Party D,0.054654654654654654,0.6704704704704705,0.8194194194194194,0.4613813813813814
Vadodara,Gujarat,0.4864864864864865,0.7137137137137137,0.8458458458458459,0.07207207207207207,0.2902902902902903,0.5975975975975976,0.8248248248248248,Party D,0.5773773773773774,0.5026026026026026,0.5713713713713714,0.5497047047047048
Paschim Medinipur,West Bengal,0.8518518518518519,0.7757757757757757,0.21021021021021022,0.13413413413413414,0.6556556556556556,0.5785785785785785,0.014014014014014014,Party B,0.8214214214214214,0.2764764764764765,0.25845845845845844,0.48994994994994995
Seoni,Madhya Pradesh,0.4894894894894895,0.9259259259259259,0.8488488488488488,0.28428428428428426,0.2932932932932933,0.6006006006006006,0.036036036036036036,Party A,0.664064064064064,0.5683683683683682,0.25405405405405407,0.528068068068068
Alirajpur,Madhya Pradesh,0.3173173173173173,0.6256256256256256,0.06006006006006006,0.15915915915915915,0.5055055055055055,0.42842842842842843,0.8648648648648649,Party D,0.4406406406406407,0.17887887887887888,0.6888888888888889,0.4110860860860861
Chhindwara,Madhya Pradesh,0.5075075075075075,0.5595595595595596,0.8668668668668669,0.3023023023023023,0.3113113113113113,0.6186186186186187,0.6706706706706707,Party B,0.5283283283283283,0.5863863863863864,0.49709709709709704,0.5408408408408408
Harda,Madhya Pradesh,0.16616616616616617,0.6026026026026026,0.037037037037037035,0.9619619619619619,0.970970970970971,0.7897897897897898,0.7137137137137137,Party D,0.34074074074074073,0.5013013013013012,0.41161161161161164,0.4146546546546547
Khargone,Madhya Pradesh,0.5725725725725725,0.008008008008008008,0.9319319319319319,0.36736736736736736,0.3763763763763764,0.8118118118118118,0.11911911911911911,Party D,0.3467467467467467,0.6514514514514513,0.16056056056056053,0.40684684684684674
Purba Medinipur,West Bengal,0.8958958958958959,0.2032032032032032,0.6386386386386387,0.5625625625625625,0.6996996996996997,0.006006006006006006,0.44244244244244246,Party A,0.6188188188188188,0.628028028028028,0.7733733733733734,0.6606806806806806
Mayurbhanj,Odisha,0.7267267267267268,0.953953953953954,0.08508508508508508,0.6966966966966966,0.5305305305305306,0.965965965965966,0.06406406406406406,Party A,0.8176176176176178,0.3576576576576576,0.04604604604604605,0.46373873873873883
Bharuch,Gujarat,0.33433433433433435,0.25825825825825827,0.6936936936936937,0.001001001001001001,0.01001001001001001,0.44544544544544545,0.4974974974974975,Party B,0.3039039039039039,0.3491491491491492,0.5317317317317317,0.3766966966966967
Sundargarh,Odisha,0.8458458458458459,0.45645645645645644,0.3793793793793794,0.8158158158158159,0.8248248248248248,0.9569569569569569,0.5675675675675675,Party B,0.6900900900900901,0.5993993993993993,0.25285285285285286,0.549039039039039
Kabeerdham,Chhattisgarh,0.9619619619619619,0.3973973973973974,0.7047047047047047,0.7567567567567568,0.14914914914914915,0.5845845845845846,0.5085085085085085,Party C,0.736136136136136,0.6092092092092092,0.45265265265265264,0.6208408408408408
Khandwa,Madhya Pradesh,0.8198198198198198,0.8718718718718719,0.1781781781781782,0.6146146146146146,0.6236236236236237,0.05805805805805806,0.982982982982983,Party A,0.8406406406406406,0.39819819819819824,0.9583583583583584,0.7152152152152151
Porbandar,Gujarat,0.25925925925925924,0.1831831831831832,0.002002002002002002,0.9269269269269269,0.06306306306306306,0.37037037037037035,0.8068068068068068,Party B,0.22882882882882882,0.2916916916916916,0.7005005005005005,0.36874874874874874
Balaghat,Madhya Pradesh,0.23023023023023023,0.6666666666666666,0.973973973973974,0.025025025025025027,0.4184184184184184,0.8538538538538538,0.7777777777777778,Party C,0.4048048048048048,0.5781781781781782,0.3987987987987988,0.463983983983984
Narmada,Gujarat,0.45345345345345345,0.6806806806806807,0.11511511511511512,0.42342342342342343,0.25725725725725723,0.6926926926926927,0.7917917917917918,Party A,0.5443443443443443,0.23603603603603604,0.5011011011011011,0.4256256256256256
Barwani,Madhya Pradesh,0.07107107107107107,0.6826826826826827,0.6056056056056056,0.04104104104104104,0.8758758758758759,0.6946946946946947,0.4094094094094094,Party A,0.3157157157157157,0.49029029029029036,0.34694694694694694,0.38462462462462466
Janjgir Champa,Chhattisgarh,0.39039039039039036,0.8268268268268268,0.13313313313313313,0.18518518518518517,0.5785785785785785,0.5015015015015015,0.9379379379379379,Party D,0.564964964964965,0.23783783783783782,0.6742742742742742,0.4777977977977978
Nandurbar,Maharashtra,0.7707707707707707,0.8698698698698699,0.30430430430430433,0.22822822822822822,0.44644644644644643,0.8818818818818819,0.10810810810810811,Party C,0.8104104104104104,0.3099099099099099,0.11411411411411411,0.4611611611611612
Kendujhar,Odisha,0.8908908908908909,0.1981981981981982,0.6336336336336337,0.5575575575575575,0.6946946946946947,0.001001001001001001,0.43743743743743746,Party D,0.6138138138138137,0.623023023023023,0.7743743743743743,0.657177177177177
Balasore,Odisha,0.3863863863863864,0.43843843843843844,0.7457457457457457,0.18118118118118118,0.19019019019019018,0.4974974974974975,0.5495495495495496,Party D,0.4072072072072072,0.46526526526526524,0.5213213213213214,0.45605605605605604
Jharsuguda,Odisha,0.7137137137137137,0.7657657657657657,0.07207207207207207,0.5085085085085085,0.5175175175175175,0.8248248248248248,0.8768768768768769,Party C,0.7345345345345344,0.2920920920920921,0.4558558558558559,0.51001001001001
Bametara,Chhattisgarh,0.22622622622622623,0.6626626626626627,0.96996996996997,0.021021021021021023,0.03003003003003003,0.33733733733733734,0.7737737737737738,Party C,0.4008008008008008,0.49729729729729727,0.7071071071071071,0.5111511511511511
Rajnandgaon,Chhattisgarh,0.7387387387387387,0.17417417417417416,0.48148148148148145,0.7087087087087087,0.5425425425425425,0.3613613613613614,0.2852852852852853,Party A,0.5129129129129129,0.5618618618618618,0.4972972972972973,0.5261411411411412
Amravati,Maharashtra,0.5515515515515516,0.4754754754754755,0.9109109109109109,0.34634634634634637,0.35535535535535534,0.6626626626626627,0.0980980980980981,Party A,0.5211211211211211,0.6304304304304303,0.24164164164164162,0.48950950950950944
Surat,Gujarat,0.0890890890890891,0.013013013013013013,0.44844844844844844,0.7567567567567568,0.8938938938938938,0.2002002002002002,0.25225225225225223,Party C,0.05865865865865866,0.6300300300300301,0.5807807807807808,0.38916916916916916
Dhule,Maharashtra,0.3483483483483483,0.4004004004004004,0.7077077077077077,0.14314314314314314,0.15215215215215216,0.4594594594594595,0.5115115115115115,Party B,0.3691691691691692,0.4272272272272272,0.528928928928929,0.4294294294294294
Tapi,Gujarat,0.32932932932932935,0.7657657657657657,0.2002002002002002,0.12412412412412413,0.13313313313313313,0.5685685685685685,0.8768768768768769,Party C,0.5039039039039039,0.16396396396396395,0.6096096096096097,0.41135135135135137
Bargarh,Odisha,0.6436436436436437,0.7427427427427428,0.002002002002002002,0.1011011011011011,0.31931931931931934,0.7547547547547547,0.9819819819819819,Party C,0.6832832832832834,0.0951951951951952,0.5399399399399399,0.44161661661661666
Nagpur,Maharashtra,0.0920920920920921,0.31931931931931934,0.6266266266266266,0.6786786786786787,0.8968968968968969,0.2032032032032032,0.43043043043043044,Party D,0.18298298298298302,0.6962962962962963,0.6502502502502503,0.4794594594594595
Baloda Bazar,Chhattisgarh,0.2832832832832833,0.7197197197197197,0.026026026026026026,0.25325325325325326,0.47147147147147145,0.3943943943943944,0.8308308308308309,Party B,0.4578578578578578,0.1832832832832833,0.6956956956956957,0.4212162162162162
Mungeli,Chhattisgarh,0.23823823823823823,0.2902902902902903,0.5975975975975976,0.6496496496496497,0.042042042042042045,0.4774774774774775,0.4014014014014014,Party A,0.25905905905905907,0.502102102102102,0.47407407407407404,0.3978778778778779
Botad,Gujarat,0.8218218218218218,0.7457457457457457,0.18018018018018017,0.1041041041041041,0.11311311311311312,0.9329329329329329,0.984984984984985,Party B,0.7913913913913914,0.14394394394394394,0.4342342342342343,0.4754954954954955
Chhota Udaipur,Gujarat,0.4014014014014014,0.8378378378378378,0.14414414414414414,0.1961961961961962,0.20520520520520522,0.5125125125125125,0.948948948948949,Party D,0.5759759759759759,0.17197197197197195,0.6720720720720721,0.4585985985985986
Gir Somnath,Gujarat,0.6956956956956957,0.003003003003003003,0.43843843843843844,0.36236236236236236,0.8838838838838838,0.8068068068068068,0.24224224224224225,Party B,0.4186186186186186,0.5047047047047046,0.21281281281281278,0.3972972972972973
Jhargram,West Bengal,0.6856856856856857,0.6096096096096096,0.044044044044044044,0.14314314314314314,0.3613613613613614,0.7967967967967968,0.8488488488488488,Party A,0.6552552552552553,0.13723723723723724,0.46146146146146144,0.4255005005005005
Rajkot,Gujarat,0.8538538538538538,0.16116116116116116,0.5965965965965966,0.5205205205205206,0.6576576576576577,0.964964964964965,0.4004004004004004,Party C,0.5767767767767766,0.585985985985986,0.1811811811811812,0.48110110110110105
Bhavnagar,Gujarat,0.5135135135135135,0.5655655655655656,0.8728728728728729,0.0990990990990991,0.3173173173173173,0.7527527527527528,0.6766766766766766,Party A,0.5343343343343343,0.5296296296296296,0.41901901901901906,0.5038588588588588
Betul,Madhya Pradesh,0.6986986986986987,0.006006006006006006,0.44144144144144143,0.4934934934934935,0.5025025025025025,0.8098098098098098,0.24524524524524524,Party C,0.42162162162162165,0.46926926926926926,0.21221221221221226,0.385945945945946
Junagadh,Gujarat,0.943943943943944,0.995995995995996,0.3023023023023023,0.7387387387387387,0.7477477477477478,0.05405405405405406,0.1061061061061061,Party C,0.9647647647647648,0.5223223223223223,0.61001001001001,0.7212212212212213
Deogarh,Odisha,0.01701701701701702,0.06906906906906907,0.3763763763763764,0.8128128128128128,0.8218218218218218,0.12812812812812813,0.18018018018018017,Party C,0.03783783783783784,0.5963963963963964,0.5951951951951953,0.3726726726726727
Jamnagar,Gujarat,0.9009009009009009,0.33633633633633636,0.6436436436436437,0.8708708708708709,0.7047047047047047,0.13913913913913914,0.23823823823823823,Party C,0.6750750750750751,0.7240240240240241,0.6118118118118119,0.6763913913913915
Devbhumi Dwarka,Gujarat,0.24624624624624625,0.17017017017017017,0.6056056056056056,0.913913913913914,0.05005005005005005,0.35735735735735735,0.7937937937937938,Party C,0.21581581581581583,0.586986986986987,0.7031031031031031,0.46754754754754757
Aurangabad,Maharashtra,0.19519519519519518,0.6316316316316316,0.938938938938939,0.16516516516516516,1.0,0.3063063063063063,0.7427427427427428,Party D,0.3697697697697697,0.7190190190190191,0.7133133133133134,0.5778928928928929
Vijayapura,Karnataka,0.5775775775775776,0.5015015015015015,0.9369369369369369,0.8608608608608609,0.25325325325325326,0.6886886886886887,0.7407407407407407,Party C,0.5471471471471472,0.7773773773773774,0.483083083083083,0.6117117117117117
Bijapur,Chhattisgarh,0.2802802802802803,0.7167167167167167,0.023023023023023025,0.07507507507507508,0.46846846846846846,0.3913913913913914,0.8278278278278278,Party C,0.4548548548548549,0.12772772772772772,0.6962962962962963,0.40072072072072074
Raigad,Maharashtra,0.8118118118118118,0.7357357357357357,0.17017017017017017,0.47847847847847846,0.6156156156156156,0.9229229229229229,0.35835835835835833,Party D,0.7813813813813814,0.3517517517517518,0.1895895895895896,0.48306306306306307
Raigarh,Chhattisgarh,0.6096096096096096,0.04504504504504504,0.968968968968969,0.4044044044044044,0.4134134134134134,0.7207207207207207,0.15615615615615616,Party D,0.38378378378378375,0.6884884884884885,0.23003003003003003,0.45199199199199197
Bilaspur,Chhattisgarh,0.2652652652652653,0.3173173173173173,0.6246246246246246,0.06006006006006006,0.06906906906906907,0.5045045045045045,0.42842842842842843,Party A,0.2860860860860861,0.3441441441441441,0.4686686686686687,0.3520520520520521
Karaikal,Puducherry,0.9769769769769769,0.4124124124124124,0.7197197197197197,0.7717717717717718,0.7807807807807807,0.08708708708708708,0.5235235235235235,Party B,0.751151151151151,0.7475475475475476,0.7571571571571571,0.7513913913913914
Mahe,Puducherry,0.4034034034034034,0.6306306306306306,0.9379379379379379,0.98998998998999,0.38238238238238237,0.5145145145145145,0.7417417417417418,Party D,0.49429429429429433,0.8424424424424424,0.5879879879879881,0.6395695695695696
Yanam,Puducherry,0.6076076076076076,0.8348348348348348,0.14114114114114115,0.1931931931931932,0.4114114114114114,0.7187187187187187,0.9459459459459459,Party C,0.6984984984984985,0.21081081081081082,0.5471471471471472,0.48996996996997
Sambalpur,Odisha,0.6546546546546547,0.8818818818818819,0.1881881881881882,0.24024024024024024,0.6336336336336337,0.7657657657657657,0.992992992992993,Party C,0.7455455455455455,0.2928928928928929,0.5377377377377378,0.5351651651651652
Navsari,Gujarat,0.16916916916916916,0.22122122122122123,0.5285285285285285,0.5805805805805806,0.973973973973974,0.8968968968968969,0.33233233233233234,Party B,0.18998998998999,0.6332332332332332,0.19479479479479478,0.3463263263263263
Lakshadweep,Lakshadweep,0.8148148148148148,0.8668668668668669,0.17317317317317318,0.6096096096096096,0.6186186186186187,0.9259259259259259,0.977977977977978,Party A,0.8356356356356356,0.39319319319319324,0.4356356356356357,0.5807807807807808
Daman,Dadra and Nagar Haveli and Daman and Diu,0.3153153153153153,0.7517517517517518,0.05805805805805806,0.2852852852852853,0.5035035035035035,0.4264264264264264,0.8628628628628628,Party A,0.4898898898898899,0.2153153153153153,0.6892892892892893,0.4436386386386386
Diu,Dadra and Nagar Haveli and Daman and Diu,0.8728728728728729,0.9719719719719719,0.23123123123123124,0.3303303303303303,0.5485485485485485,0.983983983983984,0.21021021021021022,Party A,0.9125125125125124,0.32442442442442443,0.09369369369369368,0.501976976976977
Jayashankar Bhupalapally,Telangana,0.44744744744744747,0.4994994994994995,0.8068068068068068,0.24224224224224225,0.25125125125125125,0.5585585585585585,0.6106106106106106,Party C,0.4682682682682683,0.5263263263263264,0.5091091091091091,0.4987987987987988
Narayanpet,Telangana,0.8428428428428428,0.2782782782782783,0.5855855855855856,0.6376376376376376,0.03003003003003003,0.953953953953954,0.3893893893893894,Party B,0.617017017017017,0.4900900900900901,0.18338338338338336,0.46418418418418417
Sukma,Chhattisgarh,0.8588588588588588,0.9109109109109109,0.2172172172172172,0.6536536536536537,0.6626626626626627,0.96996996996997,0.021021021021021023,Party D,0.8796796796796796,0.43723723723723723,0.026426426426426418,0.5115115115115115
Upper Subansiri,Arunachal Pradesh,0.2832832832832833,0.5105105105105106,0.8178178178178178,0.8698698698698699,0.08708708708708708,0.3943943943943944,0.6216216216216216,Party D,0.3741741741741742,0.6872872872872873,0.612012012012012,0.5432232232232233
Anjaw,Arunachal Pradesh,0.4914914914914915,0.9279279279279279,0.23423423423423423,0.46146146146146144,0.6796796796796797,0.6026026026026026,0.03803803803803804,Party D,0.666066066066066,0.3914914914914915,0.25365365365365367,0.46686186186186185
Tinsukia,Assam,0.6126126126126126,0.22322322322322322,0.14614614614614616,0.5825825825825826,0.5915915915915916,0.23523523523523523,0.33433433433433435,Party A,0.45685685685685684,0.36616616616616615,0.5925925925925926,0.45904904904904903
Dhemaji,Assam,0.16516516516516516,0.0890890890890891,0.5245245245245245,0.8328328328328328,0.8418418418418419,0.27627627627627627,0.3283283283283283,Party A,0.13473473473473474,0.6804804804804805,0.5655655655655656,0.4334534534534535
Changlang,Arunachal Pradesh,0.2752752752752753,0.7117117117117117,0.6346346346346347,0.07007007007007007,0.07907907907907907,0.3863863863863864,0.43843843843843844,Party C,0.4498498498498498,0.3541541541541542,0.5435435435435436,0.43977977977977983
Dibrugarh,Assam,0.1041041041041041,0.5405405405405406,0.8478478478478478,0.07407407407407407,0.2922922922922923,0.21521521521521522,0.6516516516516516,Party D,0.2786786786786787,0.5046046046046045,0.7315315315315315,0.47096596596596596
Tawang,Arunachal Pradesh,0.26126126126126126,0.6976976976976977,0.004004004004004004,0.056056056056056056,0.06506506506506507,0.37237237237237236,0.8088088088088088,Party D,0.43583583583583585,0.03183183183183183,0.7001001001001002,0.36050050050050053
Papum Pare,Arunachal Pradesh,0.7617617617617618,0.1971971971971972,0.5045045045045045,0.5565565565565566,0.5655655655655656,0.8728728728728729,0.3083083083083083,Party A,0.5359359359359359,0.5323323323323323,0.1995995995995996,0.4505905905905906
Lakhimpur,Assam,0.35935935935935936,0.4114114114114114,0.7187187187187187,0.15415415415415415,0.16316316316316315,0.5985985985985987,0.5225225225225225,Party B,0.3801801801801802,0.4382382382382382,0.44984984984984977,0.4179179179179179
Tirap,Arunachal Pradesh,0.5395395395395396,0.5915915915915916,0.8988988988988988,0.33433433433433435,0.3433433433433433,0.6506506506506506,0.7027027027027027,Party A,0.5603603603603604,0.6184184184184185,0.4906906906906907,0.5632632632632633
Sivasagar,Assam,0.2062062062062062,0.9219219219219219,0.7407407407407407,0.6646646646646647,0.01001001001001001,0.3173173173173173,0.5445445445445446,Party A,0.4924924924924925,0.5717717717717717,0.6274274274274274,0.553973973973974
Jorhat,Assam,0.987987987987988,0.9119119119119119,0.34634634634634637,0.2702702702702703,0.7917917917917918,0.0980980980980981,0.15015015015015015,Party C,0.9575575575575577,0.4126126126126127,0.6012012012012011,0.6777377377377378
Mon,Nagaland,0.17017017017017017,0.7817817817817818,0.08808808808808809,0.14014014014014015,0.35835835835835833,0.7937937937937938,0.8928928928928929,Party D,0.4148148148148148,0.15775775775775774,0.4808808808808809,0.34136136136136136
Sonitpur,Assam,0.5445445445445446,0.46846846846846846,0.9039039039039038,0.33933933933933935,0.3483483483483483,0.6556556556556556,0.7077077077077077,Party A,0.5141141141141141,0.6234234234234234,0.48968968968968973,0.5462662662662663
Golaghat,Assam,0.7517517517517518,0.6756756756756757,0.11011011011011011,0.16216216216216217,0.5555555555555556,0.8628628628628628,0.914914914914915,Party A,0.7213213213213213,0.21481481481481485,0.44824824824824827,0.4757757757757758
Longleng,Nagaland,0.09509509509509509,0.32232232232232233,0.6296296296296297,0.6816816816816816,0.6906906906906907,0.2062062062062062,0.43343343343343343,Party C,0.18598598598598598,0.6574574574574574,0.6496496496496496,0.4669169169169169
Mokokchung,Nagaland,0.11811811811811812,0.34534534534534533,0.6526526526526526,0.08808808808808809,0.0970970970970971,0.22922922922922923,0.45645645645645644,Party C,0.20900900900900898,0.3721721721721722,0.645045045045045,0.3751251251251251
Udalguri,Assam,0.5425425425425425,0.5945945945945946,0.9019019019019019,0.33733733733733734,0.34634634634634637,0.6536536536536537,0.7057057057057057,Party B,0.5633633633633633,0.6214214214214214,0.4900900900900901,0.5653653653653653
Chirang,Assam,0.026026026026026026,0.25325325325325326,0.5605605605605606,0.6126126126126126,0.8308308308308309,0.13713713713713713,0.36436436436436437,Party D,0.11691691691691693,0.6302302302302303,0.6634634634634634,0.43321321321321316
Baksa,Assam,0.04804804804804805,0.2752752752752753,0.5825825825825826,0.6346346346346347,0.8528528528528528,0.2872872872872873,0.3863863863863864,Party D,0.13893893893893894,0.6522522522522523,0.5821821821821822,0.4294094094094094
Nagaon,Assam,0.5395395395395396,0.7667667667667668,0.2012012012012012,0.12512512512512514,0.13413413413413414,0.7787787787787788,0.005005005005005005,Party B,0.6304304304304305,0.16496496496496496,0.13473473473473474,0.3435935935935936
Kokrajhar,Assam,0.025025025025025027,0.46146146146146144,0.7687687687687688,0.8208208208208209,0.8298298298298298,0.13613613613613615,0.5725725725725725,Party C,0.1995995995995996,0.7965965965965967,0.7473473473473473,0.5454854854854855
Darrang,Assam,0.8678678678678678,0.91991991991992,0.22622622622622623,0.45345345345345345,0.6716716716716716,0.978978978978979,0.03003003003003003,Party B,0.8886886886886887,0.3834834834834835,0.024624624624624607,0.49585085085085084
Tuensang,Nagaland,0.7707707707707707,0.2062062062062062,0.5135135135135135,0.5655655655655656,0.5745745745745746,0.8818818818818819,0.3173173173173173,Party B,0.5449449449449449,0.5413413413413414,0.19779779779779783,0.4568968968968969
Barpeta,Assam,0.8808808808808809,0.3163163163163163,0.6236236236236237,0.6756756756756757,0.6846846846846847,0.11911911911911911,0.42742742742742745,Party B,0.655055055055055,0.6514514514514514,0.6994994994994995,0.6649049049049048
Nalbari,Assam,0.5935935935935935,0.6456456456456456,0.9529529529529529,0.3883883883883884,0.3973973973973974,0.8328328328328328,0.7567567567567568,Party C,0.6144144144144144,0.6724724724724724,0.403003003003003,0.5818818818818818
Morigaon,Assam,0.6486486486486487,0.7007007007007007,0.007007007007007007,0.44344344344344344,0.45245245245245247,0.8878878878878879,0.8118118118118118,Party D,0.6694694694694695,0.22702702702702704,0.39199199199199203,0.44524524524524534
Kamrup,Assam,0.7937937937937938,0.22922922922922923,0.5365365365365365,0.5885885885885885,0.9819819819819819,0.4164164164164164,0.34034034034034033,Party B,0.5679679679679679,0.6412412412412412,0.48628628628628634,0.5731931931931932
Bongaigaon,Assam,0.4174174174174174,0.8538538538538538,0.16016016016016016,0.2122122122122122,0.6056056056056056,0.04004004004004004,0.964964964964965,Party B,0.591991991991992,0.2648648648648649,0.9619619619619619,0.5699899899899901
Dhubri,Assam,0.1001001001001001,0.5365365365365365,0.8438438438438438,0.8958958958958959,0.9049049049049049,0.7237237237237237,0.6476476476476476,Party C,0.27467467467467466,0.8716716716716717,0.42482482482482486,0.5211611611611612
Kamrup Metropolitan,Assam,0.17717717717717718,0.22922922922922923,0.5365365365365365,0.972972972972973,0.9819819819819819,0.2882882882882883,0.34034034034034033,Party D,0.197997997997998,0.7565565565565566,0.5631631631631632,0.4847847847847848
Kiphire,Nagaland,0.8108108108108109,0.24624624624624625,0.5535535535535535,0.6056056056056056,0.6146146146146146,0.04904904904904905,0.35735735735735735,Party A,0.5849849849849851,0.5813813813813814,0.7135135135135136,0.6158558558558559
Goalpara,Assam,0.8118118118118118,0.8638638638638638,0.17017017017017017,0.6066066066066066,0.6156156156156156,0.05005005005005005,0.974974974974975,Party C,0.8326326326326327,0.3901901901901902,0.95995995995996,0.7096096096096096
Ribhoi,Meghalaya,0.5625625625625625,0.998998998998999,0.43343343343343343,0.35735735735735735,0.7507507507507507,0.18518518518518517,0.1091091091091091,Party B,0.7371371371371371,0.4740740740740741,0.5325325325325325,0.5939139139139139
Dima Hasao,Assam,0.6686686686686687,0.1041041041041041,0.4114114114114114,0.46346346346346345,0.4724724724724725,0.7797797797797797,0.21521521521521522,Party D,0.44284284284284287,0.4392392392392392,0.21821821821821824,0.3854254254254254
Kamjong,Manipur,0.3813813813813814,0.43343343343343343,0.7407407407407407,0.17617617617617617,0.18518518518518517,0.4924924924924925,0.5445445445445446,Party D,0.4022022022022022,0.46026026026026023,0.5223223223223223,0.45255255255255256
West Khasi Hills,Meghalaya,0.7777777777777778,0.8768768768768769,0.3113113113113113,0.23523523523523523,0.45345345345345345,0.8888888888888888,0.11511511511511512,Party C,0.8174174174174175,0.3169169169169169,0.11271271271271274,0.46606606606606615
Peren,Nagaland,0.3963963963963964,0.7047047047047047,0.13913913913913914,0.19119119119119118,0.5845845845845846,0.5075075075075075,0.943943943943944,Party B,0.5197197197197198,0.24384384384384383,0.6730730730730731,0.4615015015015015
Senapati,Manipur,0.8988988988988988,0.12512512512512514,0.25725725725725723,0.4844844844844845,0.7027027027027027,0.009009009009009009,0.23623623623623624,Party D,0.5893893893893893,0.4145145145145145,0.6890890890890891,0.5531081081081081
East Jaintia Hills,Meghalaya,0.5275275275275275,0.963963963963964,0.8868868868868869,0.32232232232232233,0.33133133133133136,0.6386386386386387,0.07407407407407407,Party C,0.7021021021021021,0.6064064064064064,0.24644644644644642,0.5546946946946947
East Khasi Hills,Meghalaya,0.92992992992993,0.028028028028028028,0.46346346346346345,0.7717717717717718,0.908908908908909,0.04004004004004004,0.2672672672672673,Party A,0.5691691691691692,0.6450450450450451,0.6828828828828829,0.6241541541541542
Tamenglong,Manipur,0.963963963963964,0.3993993993993994,0.7067067067067067,0.7587587587587588,0.7677677677677678,0.07407407407407407,0.5105105105105106,Party D,0.7381381381381381,0.7345345345345345,0.7597597597597598,0.7422822822822823
South Garo Hills,Meghalaya,0.8248248248248248,0.2602602602602603,0.1831831831831832,0.7947947947947948,0.6286286286286287,0.06306306306306306,0.3713713713713714,Party D,0.598998998998999,0.4557557557557558,0.7107107107107107,0.5767917917917917
Cachar,Assam,0.2602602602602603,0.3123123123123123,0.6196196196196196,0.055055055055055056,0.06406406406406406,0.3713713713713714,0.42342342342342343,Party A,0.2810810810810811,0.3391391391391392,0.5465465465465466,0.36776776776776776
Imphal West,Manipur,0.6956956956956957,0.6196196196196196,0.05405405405405406,0.4904904904904905,0.4994994994994995,0.8068068068068068,0.8588588588588588,Party C,0.6652652652652653,0.2740740740740741,0.45945945945945943,0.4768968968968969
Karimganj,Assam,0.8698698698698699,0.7937937937937938,0.22822822822822822,0.45545545545545546,0.6736736736736737,0.980980980980981,0.03203203203203203,Party D,0.8394394394394394,0.3854854854854855,0.024224224224224232,0.4767517517517518
Hailakandi,Assam,0.3483483483483483,0.7847847847847848,0.09109109109109109,0.3183183183183183,0.15215215215215216,0.4594594594594595,0.8958958958958959,Party B,0.5229229229229229,0.17147147147147146,0.6826826826826827,0.43985485485485487
Kakching,Manipur,0.35435435435435436,0.2782782782782783,0.7137137137137137,0.8128128128128128,0.15815815815815815,0.46546546546546547,0.5175175175175175,Party C,0.32392392392392394,0.6323323323323323,0.5277277277277277,0.4828178178178178
Bishnupur,Manipur,0.21921921921921922,0.5275275275275275,0.9629629629629629,0.1891891891891892,0.4074074074074074,0.3303303303303303,0.7667667667667668,Party D,0.34254254254254257,0.6197197197197197,0.7085085085085085,0.531046046046046
Chandel,Manipur,0.2012012012012012,0.6376376376376376,0.944944944944945,0.996996996996997,0.005005005005005005,0.3123123123123123,0.7487487487487487,Party C,0.37577577577577576,0.7725725725725726,0.7121121121121121,0.5987387387387388
Churachandpur,Manipur,0.2132132132132132,0.2652652652652653,0.5725725725725725,0.008008008008008008,0.01701701701701702,0.32432432432432434,0.3763763763763764,Party D,0.23403403403403406,0.2920920920920921,0.5559559559559559,0.33483483483483484
North Tripura,Tripura,0.6056056056056056,0.7047047047047047,0.13913913913913914,0.06306306306306306,0.4094094094094094,0.7167167167167167,0.943943943943944,Party D,0.6452452452452453,0.1703703703703704,0.5475475475475475,0.45461461461461466
Dhalai,Tripura,0.003003003003003003,0.3113113113113113,0.7467467467467468,0.6706706706706707,0.6796796796796797,0.11411411411411411,0.5505505505505506,Party C,0.12632632632632632,0.7105105105105105,0.7517517517517518,0.48714714714714713
Sipahijala,Tripura,0.34634634634634637,0.7827827827827828,0.0890890890890891,0.14114114114114115,0.15015015015015015,0.4574574574574575,0.8938938938938938,Party D,0.5209209209209209,0.11691691691691693,0.6830830830830831,0.42006006006006
Gomati,Tripura,0.3063063063063063,0.23023023023023023,0.6656656656656657,0.973973973973974,0.11011011011011011,0.4174174174174174,0.4694694694694695,Party B,0.27587587587587586,0.6470470470470471,0.5373373373373374,0.47115115115115114
Wokha,Nagaland,0.35835835835835833,0.7947947947947948,0.1011011011011011,0.15315315315315314,0.5465465465465466,0.4694694694694695,0.9059059059059059,Party C,0.5329329329329329,0.20580580580580582,0.6806806806806807,0.45537537537537537
Zunheboto,Nagaland,0.25725725725725723,0.6936936936936937,0.0,0.05205205205205205,0.06106106106106106,0.3683683683683684,0.8048048048048048,Party B,0.4318318318318318,0.027827827827827827,0.7009009009009008,0.35769769769769766
Phek,Nagaland,0.995995995995996,0.2222222222222222,0.5295295295295295,0.5815815815815816,0.7997997997997998,0.23423423423423423,0.3333333333333333,Party C,0.6864864864864865,0.5991991991991992,0.5927927927927927,0.6325125125125125
West Garo Hills,Meghalaya,0.2752752752752753,0.5835835835835835,0.018018018018018018,0.07007007007007007,0.46346346346346345,0.3863863863863864,0.8228228228228228,Party B,0.3985985985985986,0.12272272272272274,0.6972972972972973,0.3767167167167167
East Garo Hills,Meghalaya,0.5775775775775776,0.6296296296296297,0.9369369369369369,0.37237237237237236,0.3813813813813814,0.8168168168168168,0.7407407407407407,Party D,0.5983983983983985,0.6564564564564564,0.4062062062062062,0.5706706706706707
Kohima,Nagaland,0.05105105105105105,0.1031031031031031,0.41041041041041043,0.8468468468468469,0.8558558558558559,0.2902902902902903,0.21421421421421422,Party D,0.07187187187187187,0.6304304304304305,0.5115115115115114,0.3772772772772772
Dimapur,Nagaland,0.5785785785785785,0.5025025025025025,0.9379379379379379,0.8618618618618619,0.8708708708708709,0.6896896896896897,0.7417417417417418,Party C,0.5481481481481482,0.9017017017017017,0.48288288288288295,0.6555755755755756
East Siang,Arunachal Pradesh,0.8788788788788788,0.8028028028028028,0.23723723723723725,0.33633633633633636,0.6826826826826827,0.98998998998999,0.04104104104104104,Party A,0.8484484484484484,0.35605605605605606,0.022422422422422417,0.4696046046046045
Lohit,Arunachal Pradesh,0.6116116116116116,0.04704704704704705,0.4824824824824825,0.4064064064064064,0.41541541541541543,0.8508508508508509,0.2862862862862863,Party D,0.38578578578578576,0.44624624624624626,0.20400400400400398,0.3615015015015015
Kurung Kumey,Arunachal Pradesh,0.7287287287287287,0.7807807807807807,0.08708708708708708,0.5235235235235235,0.5325325325325325,0.9679679679679679,0.8918918918918919,Party C,0.7495495495495496,0.3071071071071071,0.37597597597597604,0.5013013013013013
Lower Subansiri,Arunachal Pradesh,0.8238238238238238,0.13113113113113112,0.5665665665665666,0.4904904904904905,0.011011011011011011,0.934934934934935,0.37037037037037035,Party A,0.5467467467467467,0.4326326326326326,0.18718718718718716,0.41691691691691685
East Kameng,Arunachal Pradesh,0.8088088088088088,0.24424424424424424,0.6796796796796797,0.6036036036036037,0.6126126126126126,0.04704704704704705,0.35535535535535534,Party D,0.5829829829829829,0.6434434434434434,0.7139139139139139,0.6368768768768769
West Kameng,Arunachal Pradesh,0.06906906906906907,0.993993993993994,0.42842842842842843,0.5275275275275275,0.8738738738738738,0.18018018018018017,0.23223223223223224,Party C,0.43903903903903907,0.5472472472472473,0.5847847847847848,0.5133483483483484
West Jaintia Hills,Meghalaya,0.06706706706706707,0.11911911911911911,0.4264264264264264,0.8628628628628628,0.8718718718718719,0.3063063063063063,0.23023023023023023,Party B,0.08788788788788789,0.6464464464464464,0.5083083083083083,0.3884884884884885
South West Khasi Hills,Meghalaya,0.8468468468468469,0.2822822822822823,0.5895895895895896,0.6416416416416416,0.6506506506506506,0.9579579579579579,0.3933933933933934,Party C,0.6210210210210211,0.6174174174174174,0.18258258258258261,0.5101501501501502
North Garo Hills,Meghalaya,0.3973973973973974,0.4964964964964965,0.9319319319319319,0.8558558558558559,0.24824824824824826,0.6836836836836837,0.7357357357357357,Party B,0.43703703703703706,0.7723723723723723,0.48408408408408404,0.5661661661661661
South West Garo Hills,Meghalaya,0.7767767767767768,0.8288288288288288,0.13513513513513514,0.5715715715715716,0.5805805805805806,0.8878878878878879,0.93993993993994,Party A,0.7975975975975975,0.35515515515515517,0.44324324324324327,0.5541541541541541
Khowai,Tripura,0.7777777777777778,0.8298298298298298,0.13613613613613615,0.5725725725725725,0.5815815815815816,0.8888888888888888,0.9409409409409409,Party B,0.7985985985985986,0.35615615615615615,0.4430430430430431,0.5548548548548549
West Tripura,Tripura,0.8938938938938938,0.32932932932932935,0.25225225225225223,0.6886886886886887,0.6976976976976977,0.004004004004004004,0.44044044044044045,Party B,0.668068068068068,0.4722722722722723,0.7737737737737738,0.625965965965966
South Tripura,Tripura,0.28128128128128127,0.5085085085085085,0.8158158158158159,0.8678678678678678,0.08508508508508508,0.3923923923923924,0.6196196196196196,Party A,0.37217217217217213,0.6852852852852853,0.6124124124124124,0.5418218218218218
Unokoti,Tripura,0.4064064064064064,0.6336336336336337,0.06806806806806807,0.992992992992993,0.21021021021021022,0.6456456456456456,0.8728728728728729,Party B,0.4972972972972973,0.37397397397397397,0.5617617617617618,0.47025025025025025
Charaideo,Assam,0.22522522522522523,0.2772772772772773,0.5845845845845846,0.02002002002002002,0.02902902902902903,0.33633633633633636,0.3883883883883884,Party D,0.24604604604604607,0.3041041041041041,0.5535535535535536,0.3432432432432433
Majuli,Assam,0.3963963963963964,0.007007007007007007,0.9309309309309309,0.3663663663663664,0.5845845845845846,0.5075075075075075,0.11811811811811812,Party D,0.2406406406406406,0.6922922922922924,0.34274274274274275,0.42424424424424423
Biswanath,Assam,0.7107107107107107,0.6346346346346347,0.06906906906906907,0.37737737737737737,0.5145145145145145,0.8218218218218218,0.8738738738738738,Party B,0.6802802802802803,0.2506506506506506,0.45645645645645644,0.4739539539539539
Hojai,Assam,0.9329329329329329,0.984984984984985,0.2912912912912913,0.5185185185185185,0.7367367367367368,0.043043043043043044,0.09509509509509509,Party A,0.9537537537537537,0.44854854854854853,0.6122122122122122,0.6915465465465466
South Salmara Mankachar,Assam,0.04604604604604605,0.970970970970971,0.40540540540540543,0.32932932932932935,0.8508508508508509,0.15715715715715717,0.2092092092092092,Party C,0.416016016016016,0.4716716716716717,0.5893893893893895,0.4788388388388388
Karbi Anglong,Assam,0.7567567567567568,0.983983983983984,0.2902902902902903,0.34234234234234234,0.7357357357357357,0.8678678678678678,0.0940940940940941,Party C,0.8476476476476478,0.394994994994995,0.11691691691691693,0.5065365365365366
West Karbi Anglong,Assam,0.6526526526526526,0.08808808808808809,0.3953953953953954,0.44744744744744747,0.45645645645645644,0.7637637637637638,0.1991991991991992,Party D,0.4268268268268268,0.42322322322322325,0.2214214214214214,0.37421421421421425
Kra Daadi,Arunachal Pradesh,0.6286286286286287,0.06406406406406406,0.3713713713713714,0.42342342342342343,0.43243243243243246,0.8678678678678678,0.17517517517517517,Party A,0.40280280280280284,0.3991991991991992,0.14934934934934935,0.3381781781781782
Namsai,Arunachal Pradesh,0.7707707707707707,0.8228228228228228,0.12912912912912913,0.5655655655655656,0.5745745745745746,0.8818818818818819,0.933933933933934,Party B,0.7915915915915916,0.3491491491491492,0.4444444444444445,0.5499499499499501
Longding,Arunachal Pradesh,0.8098098098098098,0.24524524524524524,0.6806806806806807,0.6046046046046046,0.997997997997998,0.43243243243243246,0.4844844844844845,Party D,0.583983983983984,0.7213213213213213,0.5343343343343343,0.6196396396396396
Imphal East,Manipur,0.17317317317317318,0.22522522522522523,0.5325325325325325,0.7597597597597597,0.977977977977978,0.4124124124124124,0.33633633633633636,Party B,0.193993993993994,0.6897897897897898,0.48708708708708703,0.44079579579579575
Jiribam,Manipur,0.8028028028028028,0.7267267267267268,0.16116116116116116,0.08508508508508508,0.6066066066066066,0.913913913913914,0.965965965965966,Party D,0.7723723723723723,0.22742742742742744,0.43803803803803804,0.4980580580580581
Kangpokpi,Manipur,0.6326326326326326,0.6846846846846847,0.991991991991992,0.2182182182182182,0.4364364364364364,0.7437437437437437,0.7957957957957958,Party A,0.6534534534534535,0.6487487487487488,0.47207207207207214,0.6064614614614615
Thoubal,Manipur,0.913913913913914,0.34934934934934936,0.6566566566566566,0.7087087087087087,0.7177177177177178,0.024024024024024024,0.46046046046046046,Party D,0.6880880880880881,0.6844844844844845,0.7697697697697699,0.7072472472472473
Tengnoupal,Manipur,0.13713713713713713,0.5735735735735735,0.008008008008008008,0.9329329329329329,0.9419419419419419,0.7607607607607607,0.8128128128128128,Party C,0.3117117117117117,0.47227227227227225,0.46866866866866874,0.4071471471471471
Ukhrul,Manipur,0.9069069069069069,0.958958958958959,0.2652652652652653,0.4924924924924925,0.7107107107107107,0.01701701701701702,0.06906906906906907,Party A,0.9277277277277278,0.42252252252252254,0.6174174174174174,0.6733283283283285
Noney,Manipur,0.4034034034034034,0.45545545545545546,0.7627627627627628,0.98998998998999,0.2072072072072072,0.5145145145145145,0.5665665665665666,Party B,0.42422422422422423,0.7198198198198198,0.517917917917918,0.5511061061061061
Pherzawl,Manipur,0.19019019019019018,0.6266266266266266,0.933933933933934,0.985985985985986,0.994994994994995,0.3013013013013013,0.7377377377377378,Party B,0.36476476476476477,0.9617617617617618,0.7143143143143144,0.6611011011011011
Upper Siang,Arunachal Pradesh,0.15715715715715717,0.5935935935935935,0.9009009009009009,0.9529529529529529,0.9619619619619619,0.2682682682682683,0.7047047047047047,Party D,0.3317317317317317,0.9287287287287287,0.720920920920921,0.637977977977978
Lower Siang,Arunachal Pradesh,0.12612612612612611,0.5625625625625625,0.8698698698698699,0.9219219219219219,0.9309309309309309,0.36536536536536535,0.6736736736736737,Party A,0.3007007007007007,0.8976976976976978,0.6502502502502503,0.597037037037037
Upper Dibang Valley,Arunachal Pradesh,0.6636636636636637,0.5875875875875876,0.022022022022022022,0.24924924924924924,0.4674674674674675,0.7747747747747747,0.001001001001001001,Party C,0.6332332332332332,0.17927927927927928,0.13553553553553555,0.3499249249249249
Lower Dibang Valley,Arunachal Pradesh,0.5825825825825826,0.5065065065065065,0.9419419419419419,0.37737737737737737,0.3863863863863864,0.6936936936936937,0.12912912912912913,Party D,0.5521521521521522,0.6614614614614615,0.23543543543543544,0.5112312312312313
Siang,Arunachal Pradesh,0.2002002002002002,0.6366366366366366,0.5595595595595596,0.995995995995996,0.004004004004004004,0.4394394394394394,0.7477477477477478,Party B,0.3747747747747748,0.5793793793793794,0.6354354354354355,0.5115515515515516
Shi Yomi,Arunachal Pradesh,0.4544544544544545,0.5065065065065065,0.9419419419419419,0.04004004004004004,0.25825825825825827,0.6936936936936937,0.6176176176176176,Party B,0.47527527527527536,0.5346346346346347,0.43083083083083085,0.48493993993993995
Pakke Kessang,Arunachal Pradesh,0.4444444444444444,0.8808808808808809,0.1871871871871872,0.23923923923923923,0.24824824824824826,0.6836836836836837,0.991991991991992,Party C,0.619019019019019,0.21501501501501502,0.5865865865865866,0.46950950950950954
West Siang,Arunachal Pradesh,0.8078078078078078,0.4184184184184184,0.6786786786786787,0.7777777777777778,0.995995995995996,0.43043043043043044,0.5295295295295295,Party D,0.6520520520520521,0.771871871871872,0.5535535535535535,0.6693643643643644
Lepa Rada,Arunachal Pradesh,0.06306306306306306,0.11511511511511512,0.42242242242242245,0.8588588588588588,0.8678678678678678,0.3023023023023023,0.22622622622622623,Party A,0.08388388388388388,0.6424424424424424,0.509109109109109,0.3856856856856856
Kamle,Arunachal Pradesh,0.5865865865865866,0.5105105105105106,0.9459459459459459,0.25325325325325326,0.39039039039039036,0.6976976976976977,0.13313313313313313,Party B,0.5561561561561562,0.6270270270270271,0.2346346346346346,0.5005805805805805
North and Middle Andaman,Andaman and Nicobar Islands,0.3003003003003003,0.35235235235235235,0.6596596596596597,0.09509509509509509,0.1041041041041041,0.5395395395395396,0.46346346346346345,Party D,0.3211211211211211,0.3791791791791792,0.4616616616616616,0.37657657657657656
South Andaman,Andaman and Nicobar Islands,0.33133133133133136,0.2552552552552553,0.6906906906906907,0.12612612612612611,0.13513513513513514,0.44244244244244246,0.8788788788788788,Party C,0.30090090090090094,0.4102102102102102,0.686086086086086,0.43545545545545544
Nicobars,Andaman and Nicobar Islands,0.7367367367367368,0.34734734734734735,0.2702702702702703,0.7067067067067067,0.7157157157157157,0.8478478478478478,0.45845845845845845,Party B,0.5809809809809809,0.49029029029029025,0.27467467467467466,0.4726626626626626
Amroha,Uttar Pradesh,0.25825825825825827,0.18218218218218218,0.001001001001001001,0.9259259259259259,0.062062062062062065,0.36936936936936937,0.8058058058058059,Party D,0.22782782782782784,0.2906906906906907,0.7007007007007007,0.368048048048048
Churu,Rajasthan,0.3433433433433433,0.5705705705705706,0.8778778778778779,0.3133133133133133,0.14714714714714713,0.4544544544544545,0.6816816816816816,Party A,0.43423423423423424,0.5623623623623623,0.6,0.5205205205205204
Hapur,Uttar Pradesh,0.33933933933933935,0.6476476476476476,0.08208208208208208,0.006006006006006006,0.015015015015015015,0.45045045045045046,0.8868868868868869,Party A,0.46266266266266265,0.04584584584584585,0.6844844844844844,0.37223223223223223
Delhi,Delhi,0.45145145145145144,0.8878878878878879,0.8108108108108109,0.24624624624624625,0.2552552552552553,0.5625625625625625,0.998998998998999,Party B,0.626026026026026,0.5303303303303303,0.6620620620620621,0.6015415415415415
Jhajjar,Haryana,0.2862862862862863,0.5135135135135135,0.8208208208208209,0.25625625625625625,0.2652652652652653,0.5255255255255256,0.6246246246246246,Party D,0.37717717717717714,0.5403403403403404,0.5345345345345345,0.4736236236236236
Bareilly,Uttar Pradesh,0.4084084084084084,0.6356356356356356,0.27927927927927926,0.3783783783783784,0.2122122122122122,0.6476476476476476,0.7467467467467468,Party D,0.4992992992992993,0.29559559559559556,0.5101101101101102,0.4307057057057057
Pilibhit,Uttar Pradesh,0.5535535535535535,0.6056056056056056,0.9129129129129129,0.3483483483483483,0.35735735735735735,0.6646646646646647,0.7167167167167167,Party A,0.5743743743743743,0.6324324324324324,0.48788788788788784,0.5730730730730731
Bulandshahr,Uttar Pradesh,0.25125125125125125,0.5595595595595596,0.994994994994995,0.918918918918919,0.055055055055055056,0.36236236236236236,0.7987987987987988,Party B,0.3745745745745746,0.7841841841841842,0.7021021021021021,0.5998198198198199
Gautam Buddha Nagar,Uttar Pradesh,0.3763763763763764,0.6846846846846847,0.11911911911911911,0.2182182182182182,0.18018018018018017,0.4874874874874875,0.923923923923924,Party C,0.49969969969969974,0.16106106106106105,0.6770770770770771,0.42552052052052053
Lakhimpur Kheri,Uttar Pradesh,0.968968968968969,0.8928928928928929,0.32732732732732733,0.25125125125125125,0.7727727727727728,0.07907907907907907,0.13113113113113112,Party C,0.9385385385385385,0.39359359359359364,0.605005005005005,0.6644244244244245
Jhunjhunu,Rajasthan,0.16216216216216217,0.08608608608608609,0.9059059059059059,0.8298298298298298,0.9669669669669669,0.2732732732732733,0.7097097097097097,Party A,0.13173173173173175,0.8952952952952953,0.71991991991992,0.5460260260260261
Gurugram,Haryana,0.13713713713713713,0.1891891891891892,0.6246246246246246,0.5485485485485485,0.9419419419419419,0.3763763763763764,0.42842842842842843,Party A,0.15795795795795797,0.6652652652652653,0.5455455455455456,0.4324124124124124
Faridabad,Haryana,0.026026026026026026,0.950950950950951,0.38538538538538536,0.8218218218218218,0.8308308308308309,0.13713713713713713,0.1891891891891892,Party D,0.39599599599599605,0.6054054054054054,0.5933933933933934,0.5186386386386387
Mahendragarh,Haryana,0.6416416416416416,0.07707707707707707,0.3843843843843844,0.4364364364364364,0.44544544544544545,0.7527527527527528,0.1881881881881882,Party C,0.4158158158158158,0.41221221221221216,0.22362362362362362,0.36650650650650646
Rewari,Haryana,0.46646646646646645,0.9029029029029029,0.2092092092092092,0.26126126126126126,0.2702702702702703,0.7057057057057057,0.013013013013013013,Party B,0.641041041041041,0.23703703703703705,0.18178178178178178,0.3848248248248248
Budaun,Uttar Pradesh,0.7227227227227228,0.7747747747747747,0.08108108108108109,0.5175175175175175,0.5265265265265265,0.8338338338338338,0.8858858858858859,Party C,0.7435435435435436,0.3011011011011011,0.4540540540540541,0.5163163163163164
Jaisalmer,Rajasthan,0.2062062062062062,0.25825825825825827,0.5655655655655656,0.001001001001001001,0.01001001001001001,0.3173173173173173,0.36936936936936937,Party B,0.22702702702702704,0.2850850850850851,0.5573573573573574,0.32992992992993
Bahraich,Uttar Pradesh,0.6276276276276276,0.06306306306306306,0.37037037037037035,0.42242242242242245,0.4314314314314314,0.7387387387387387,0.17417417417417416,Party C,0.4018018018018018,0.39819819819819824,0.2264264264264264,0.35669669669669674
Nuh,Haryana,0.5325325325325325,0.5845845845845846,0.8918918918918919,0.32732732732732733,0.33633633633633636,0.6436436436436437,0.6956956956956957,Party D,0.5533533533533533,0.6114114114114114,0.49209209209209204,0.5583583583583583
Shahjahanpur,Uttar Pradesh,0.7497497497497497,0.18518518518518517,0.10810810810810811,0.5445445445445446,0.5535535535535535,0.8608608608608609,0.2962962962962963,Party D,0.523923923923924,0.32812812812812814,0.20200200200200197,0.3749149149149149
Sikar,Rajasthan,0.7147147147147147,0.7667667667667668,0.5855855855855856,0.5095095095095095,0.5185185185185185,0.953953953953954,0.8778778778778779,Party A,0.7355355355355355,0.5493493493493493,0.37877877877877875,0.5811811811811812
Palwal,Haryana,0.992992992992993,0.21921921921921922,0.6546546546546547,0.5785785785785785,0.7967967967967968,0.23123123123123124,0.3303303303303303,Party B,0.6834834834834835,0.6602602602602603,0.5933933933933934,0.6528328328328328
Alwar,Rajasthan,0.4914914914914915,0.5435435435435435,0.8508508508508509,0.2862862862862863,0.2952952952952953,0.6026026026026026,0.6546546546546547,Party C,0.5123123123123123,0.5703703703703704,0.5003003003003004,0.5296296296296297
North Sikkim,Sikkim,0.16916916916916916,0.4774774774774775,0.9129129129129129,0.8368368368368369,0.973973973973974,0.2802802802802803,0.7167167167167167,Party C,0.2924924924924925,0.9023023023023022,0.7185185185185186,0.6124324324324324
Aligarh,Uttar Pradesh,0.12712712712712712,0.43543543543543545,0.8708708708708709,0.7947947947947948,0.8038038038038038,0.23823823823823823,0.6746746746746747,Party B,0.25045045045045045,0.8346346346346346,0.726926926926927,0.574034034034034
Kasganj,Uttar Pradesh,0.008008008008008008,0.06006006006006006,0.36736736736736736,0.8038038038038038,0.8128128128128128,0.24724724724724725,0.17117117117117117,Party C,0.02882882882882883,0.5873873873873874,0.5201201201201201,0.3471471471471471
Mathura,Uttar Pradesh,0.1941941941941942,0.11811811811811812,0.5535535535535535,0.8618618618618619,0.998998998998999,0.3053053053053053,0.7417417417417418,Party A,0.16376376376376375,0.7351351351351351,0.7135135135135136,0.5011811811811812
Jaipur,Rajasthan,0.6546546546546547,0.5785785785785785,0.013013013013013013,0.3213213213213213,0.3303303303303303,0.7657657657657657,0.8178178178178178,Party B,0.6242242242242242,0.16896896896896896,0.46766766766766776,0.42574574574574575
Shrawasti,Uttar Pradesh,0.44544544544544545,0.7537537537537538,0.1881881881881882,0.11211211211211211,0.24924924924924924,0.5565565565565566,0.992992992992993,Party A,0.5687687687687688,0.17757757757757758,0.6632632632632633,0.4554754754754755
Jodhpur,Rajasthan,0.7237237237237237,0.7757757757757757,0.08208208208208208,0.5185185185185185,0.5275275275275275,0.8348348348348348,0.8868868868868869,Party D,0.7445445445445446,0.3021021021021021,0.4538538538538539,0.5170170170170171
Sitapur,Uttar Pradesh,0.026026026026026026,0.07807807807807808,0.38538538538538536,0.43743743743743746,0.8308308308308309,0.13713713713713713,0.1891891891891892,Party B,0.04684684684684685,0.4900900900900901,0.5933933933933934,0.33861861861861864
Bharatpur,Rajasthan,0.37537537537537535,0.8118118118118118,0.11811811811811812,0.17017017017017017,0.17917917917917917,0.998998998998999,0.9229229229229229,Party A,0.54994994994995,0.14594594594594593,0.3697697697697698,0.36350350350350347
Hathras,Uttar Pradesh,0.2902902902902903,0.21421421421421422,0.6496496496496497,0.08508508508508508,0.0940940940940941,0.4014014014014014,0.45345345345345345,Party A,0.2598598598598598,0.36916916916916914,0.5405405405405406,0.3682882882882883
Nagaur,Rajasthan,0.3983983983983984,0.8348348348348348,0.26926926926926925,0.1931931931931932,0.2022022022022022,0.021021021021021023,0.9459459459459459,Party A,0.572972972972973,0.23303303303303302,0.9657657657657658,0.5521921921921922
Etah,Uttar Pradesh,0.6476476476476476,0.955955955955956,0.39039039039039036,0.31431431431431434,0.45145145145145144,0.7587587587587588,0.1941941941941942,Party A,0.7709709709709709,0.3797797797797798,0.22242242242242244,0.4969169169169169
Hardoi,Uttar Pradesh,0.6326326326326326,0.7317317317317318,0.5505505505505506,0.6026026026026026,0.8208208208208209,0.7437437437437437,0.35435435435435436,Party B,0.6722722722722723,0.6202202202202203,0.2954954954954955,0.5598598598598599
Farrukhabad,Uttar Pradesh,0.9119119119119119,0.8358358358358359,0.6546546546546547,0.5785785785785785,0.5875875875875876,0.022022022022022022,0.45845845845845845,Party C,0.8814814814814814,0.6184184184184184,0.7701701701701702,0.7615815815815815
West Sikkim,Sikkim,0.8298298298298298,0.2652652652652653,0.5725725725725725,0.6246246246246246,0.6336336336336337,0.9409409409409409,0.3763763763763764,Party C,0.604004004004004,0.6004004004004004,0.18598598598598598,0.49823823823823826
South Sikkim,Sikkim,0.23723723723723725,0.33633633633633636,0.15515515515515516,0.07907907907907907,0.42542542542542544,0.3483483483483483,0.95995995995996,Party A,0.2768768768768769,0.18638638638638638,0.774974974974975,0.36972972972972973
East Sikkim,Sikkim,0.42742742742742745,0.8638638638638638,0.17017017017017017,0.3973973973973974,0.6156156156156156,0.05005005005005005,0.974974974974975,Party B,0.602002002002002,0.3274274274274274,0.95995995995996,0.5953903903903904
Firozabad,Uttar Pradesh,0.10710710710710711,0.5435435435435435,0.978978978978979,0.9029029029029029,0.2952952952952953,0.7307307307307307,0.7827827827827828,Party B,0.2816816816816817,0.8194194194194194,0.4746746746746747,0.5181381381381381
West Champaran,Bihar,0.7477477477477478,0.35835835835835833,0.28128128128128127,0.7177177177177178,0.9359359359359359,0.8588588588588588,0.4694694694694695,Party C,0.591991991991992,0.5431431431431432,0.2724724724724725,0.49501501501501505
Siddharthnagar,Uttar Pradesh,0.05005005005005005,0.35835835835835833,0.7937937937937938,0.7177177177177178,0.7267267267267268,0.16116116116116116,0.5975975975975976,Party A,0.17337337337337336,0.7575575575575576,0.7423423423423423,0.52008008008008
Mainpuri,Uttar Pradesh,0.03003003003003003,0.12912912912912913,0.5645645645645646,0.0,0.8348348348348348,0.14114114114114115,0.3683683683683684,Party B,0.06966966966966967,0.44924924924924925,0.6626626626626626,0.3507707707707708
Maharajganj,Uttar Pradesh,0.6066066066066066,0.5305305305305306,0.965965965965966,0.2732732732732733,0.41041041041041043,0.7177177177177178,0.15315315315315314,Party C,0.5761761761761762,0.6470470470470471,0.2306306306306306,0.5145945945945946
Agra,Uttar Pradesh,0.8578578578578578,0.9099099099099099,0.21621621621621623,0.6526526526526526,0.6616616616616616,0.968968968968969,0.02002002002002002,Party A,0.8786786786786787,0.4362362362362362,0.026626626626626605,0.5108108108108107
Gonda,Uttar Pradesh,0.6276276276276276,0.5515515515515516,0.986986986986987,0.9109109109109109,0.4314314314314314,0.7387387387387387,0.7907907907907908,Party C,0.5971971971971972,0.8530530530530531,0.4730730730730731,0.6557157157157157
Barabanki,Uttar Pradesh,0.955955955955956,0.3913913913913914,0.31431431431431434,0.9259259259259259,0.7597597597597597,0.06606606606606606,0.11811811811811812,Party B,0.7301301301301301,0.586886886886887,0.6076076076076077,0.6493643643643644
Darjeeling,West Bengal,0.25825825825825827,0.6946946946946947,0.12912912912912913,0.05305305305305305,0.062062062062062065,0.4974974974974975,0.4214214214214214,Party B,0.4328328328328328,0.0928928928928929,0.47007007007007007,0.3231631631631632
Dausa,Rajasthan,0.5085085085085085,0.944944944944945,0.25125125125125125,0.47847847847847846,0.3123123123123123,0.13113113113113112,0.055055055055055056,Party C,0.6830830830830831,0.3316316316316316,0.5433433433433432,0.5251401401401401
Kushinagar,Uttar Pradesh,0.8668668668668669,0.17417417417417416,0.6096096096096096,0.5335335335335335,0.6706706706706707,0.977977977977978,0.4134134134134134,Party A,0.5897897897897898,0.598998998998999,0.17857857857857856,0.4902102102102102
Kannauj,Uttar Pradesh,0.5265265265265265,0.45045045045045046,0.26926926926926925,0.1931931931931932,0.2022022022022022,0.6376376376376376,0.07307307307307308,Party B,0.49609609609609606,0.23303303303303302,0.24664664664664668,0.3416616616616617
Lucknow,Uttar Pradesh,0.26226226226226224,0.4894894894894895,0.7967967967967968,0.8488488488488488,0.24124124124124124,0.3733733733733734,0.6006006006006006,Party D,0.35315315315315315,0.7013013013013013,0.6162162162162161,0.5407707707707707
Jalpaiguri,West Bengal,0.8588588588588588,0.29429429429429427,0.6016016016016016,0.8288288288288288,0.6626626626626627,0.96996996996997,0.40540540540540543,Party D,0.6330330330330329,0.6819819819819819,0.18018018018018017,0.5369519519519519
Basti,Uttar Pradesh,0.8358358358358359,0.062062062062062065,0.36936936936936937,0.4214214214214214,0.6396396396396397,0.9469469469469469,0.17317317317317318,Party B,0.5263263263263264,0.43903903903903907,0.10110110110110113,0.3894694694694695
Gorakhpur,Uttar Pradesh,0.5785785785785785,0.014014014014014014,0.3213213213213213,0.3733733733733734,0.38238238238238237,0.6896896896896897,0.12512512512512514,Party C,0.3527527527527527,0.34914914914914913,0.23623623623623624,0.3223623623623623
Sant Kabir Nagar,Uttar Pradesh,0.5375375375375375,0.5895895895895896,0.4084084084084084,0.12312312312312312,0.34134134134134136,0.7767767767767768,0.7007007007007007,Party B,0.5583583583583583,0.3094094094094094,0.4142142142142142,0.43519019019019023
Karauli,Rajasthan,0.8048048048048048,0.24024024024024024,0.5475475475475475,0.5995995995995996,0.6086086086086087,0.9159159159159159,0.35135135135135137,Party C,0.578978978978979,0.5753753753753754,0.19099099099099098,0.48072072072072075
East Champaran,Bihar,0.4804804804804805,0.9169169169169169,0.22322322322322322,0.2752752752752753,0.28428428428428426,0.5915915915915916,0.02702702702702703,Party B,0.6550550550550551,0.2510510510510511,0.25585585585585585,0.4138538538538539
Unnao,Uttar Pradesh,0.26126126126126126,0.6976976976976977,0.004004004004004004,0.056056056056056056,0.4494494494494494,0.37237237237237236,0.8088088088088088,Party D,0.43583583583583585,0.1087087087087087,0.7001001001001002,0.3874074074074074
Etawah,Uttar Pradesh,0.3993993993993994,0.4984984984984985,0.933933933933934,0.36936936936936937,0.5875875875875876,0.5105105105105106,0.12112112112112113,Party B,0.43903903903903907,0.6952952952952953,0.3421421421421421,0.5045045045045045
Dholpur,Rajasthan,0.3923923923923924,0.4914914914914915,0.9269269269269269,0.36236236236236236,0.3713713713713714,0.5035035035035035,0.7307307307307307,Party C,0.432032032032032,0.6464464464464464,0.5901901901901903,0.5466166166166166
Kanpur Nagar,Uttar Pradesh,0.4394394394394394,0.8758758758758759,0.18218218218218218,0.4094094094094094,0.24324324324324326,0.5505505505505506,0.986986986986987,Party D,0.614014014014014,0.26256256256256255,0.6644644644644644,0.5036186186186187
Auraiya,Uttar Pradesh,0.6186186186186187,0.6706706706706707,0.977977977977978,0.4134134134134134,0.42242242242242245,0.7297297297297297,0.7817817817817818,Party D,0.6394394394394395,0.6974974974974976,0.4748748748748749,0.6186186186186187
Morena,Madhya Pradesh,0.042042042042042045,0.0940940940940941,0.4014014014014014,0.6286286286286287,0.8468468468468469,0.28128128128128127,0.20520520520520522,Party C,0.06286286286286287,0.5586586586586587,0.5133133133133133,0.349004004004004
Barmer,Rajasthan,0.6196196196196196,0.6716716716716716,0.978978978978979,0.4144144144144144,0.42342342342342343,0.7307307307307307,0.7827827827827828,Party D,0.6404404404404405,0.6984984984984985,0.4746746746746747,0.6193193193193194
Ayodhya,Uttar Pradesh,0.5825825825825826,0.6346346346346347,0.9419419419419419,0.16816816816816818,0.3863863863863864,0.6936936936936937,0.7457457457457457,Party A,0.6034034034034035,0.5986986986986987,0.48208208208208203,0.5714264264264265
Kanpur Dehat,Uttar Pradesh,0.12812812812812813,0.5645645645645646,0.8718718718718719,0.923923923923924,0.3163163163163163,0.7517517517517518,0.6756756756756757,Party C,0.3027027027027027,0.7763763763763764,0.41921921921921923,0.4976176176176176
Bhind,Madhya Pradesh,0.3883883883883884,0.3123123123123123,0.7477477477477478,0.6716716716716716,0.1921921921921922,0.4994994994994995,0.5515515515515516,Party D,0.35795795795795793,0.6138138138138138,0.5209209209209209,0.48824824824824825
Sawai Madhopur,Rajasthan,0.1931931931931932,0.5015015015015015,0.9369369369369369,0.035035035035035036,0.3813813813813814,0.30430430430430433,0.7407407407407407,Party D,0.3165165165165165,0.5552552552552552,0.7137137137137137,0.4993743743743744
Deoria,Uttar Pradesh,0.46546546546546547,0.5175175175175175,0.8248248248248248,0.2602602602602603,0.26926926926926925,0.5765765765765766,0.6286286286286287,Party D,0.4862862862862863,0.5443443443443443,0.5055055055055055,0.5114114114114114
Sitamarhi,Bihar,0.5025025025025025,0.938938938938939,0.8618618618618619,0.2972972972972973,0.3063063063063063,0.6136136136136137,0.04904904904904905,Party A,0.6770770770770771,0.5813813813813814,0.2514514514514514,0.5371771771771772
Tonk,Rajasthan,0.44144144144144143,0.6686686686686687,0.1031031031031031,0.02702702702702703,0.24524524524524524,0.6806806806806807,0.9079079079079079,Party C,0.5323323323323323,0.10870870870870872,0.5547547547547548,0.38966966966966965
Sheohar,Bihar,0.9669669669669669,0.4024024024024024,0.7097097097097097,0.7617617617617618,0.7707707707707707,0.20520520520520522,0.5135135135135135,Party C,0.741141141141141,0.7375375375375375,0.6822822822822823,0.725165165165165
Sultanpur,Uttar Pradesh,0.953953953953954,0.18018018018018017,0.4874874874874875,0.923923923923924,0.7577577577577578,0.06406406406406406,0.2912912912912913,Party D,0.6444444444444445,0.6724724724724724,0.6780780780780781,0.6626626626626627
Pali,Rajasthan,0.5855855855855856,0.8938938938938938,0.3283283283283283,0.38038038038038036,0.7737737737737738,0.6966966966966966,0.13213213213213212,Party C,0.7089089089089089,0.433033033033033,0.23483483483483486,0.4938338338338338
Gopalganj,Bihar,0.14114114114114115,0.5775775775775776,0.8848848848848849,0.1111111111111111,0.9459459459459459,0.25225225225225223,0.6886886886886887,Party C,0.3157157157157157,0.6649649649649649,0.7241241241241242,0.540055055055055
Ambedkar Nagar,Uttar Pradesh,0.2992992992992993,0.7357357357357357,0.042042042042042045,0.0940940940940941,0.1031031031031031,0.41041041041041043,0.8468468468468469,Party B,0.47387387387387386,0.06986986986986987,0.6924924924924925,0.38712712712712716
Rae Bareli,Uttar Pradesh,0.07807807807807808,0.5145145145145145,0.8218218218218218,0.04804804804804805,0.8828828828828829,0.1891891891891892,0.4164164164164164,Party B,0.25265265265265263,0.601901901901902,0.653053053053053,0.47498998998999
Jalaun,Uttar Pradesh,0.14114114114114115,0.5775775775775776,0.8848848848848849,0.9369369369369369,0.9459459459459459,0.38038038038038036,0.6886886886886887,Party A,0.3157157157157157,0.9127127127127128,0.6472472472472472,0.6075475475475476
Azamgarh,Uttar Pradesh,0.22322322322322322,0.45045045045045046,0.7577577577577578,0.1931931931931932,0.02702702702702703,0.33433433433433435,0.5615615615615616,Party C,0.31411411411411416,0.44224224224224223,0.624024024024024,0.4364364364364365
Gwalior,Madhya Pradesh,0.06006006006006006,0.11211211211211211,0.4194194194194194,0.8558558558558559,0.8648648648648649,0.17117117117117117,0.22322322322322322,Party B,0.08088088088088088,0.6394394394394394,0.5865865865865866,0.4028028028028028
Sheopur,Madhya Pradesh,0.6436436436436437,0.6956956956956957,0.002002002002002002,0.43843843843843844,0.44744744744744747,0.7547547547547547,0.8068068068068068,Party C,0.6644644644644645,0.22202202202202204,0.4698698698698699,0.46096096096096106
Mau,Uttar Pradesh,0.8398398398398398,0.8918918918918919,0.1981981981981982,0.6346346346346347,0.6436436436436437,0.950950950950951,0.002002002002002002,Party A,0.8606606606606606,0.41821821821821825,0.03023023023023023,0.49819819819819816
Fatehpur,Uttar Pradesh,0.27927927927927926,0.7157157157157157,0.022022022022022022,0.07407407407407407,0.4674674674674675,0.39039039039039036,0.8268268268268268,Party C,0.4538538538538538,0.12672672672672675,0.6964964964964966,0.40002002002002
Ballia,Uttar Pradesh,0.3353353353353353,0.25925925925925924,0.6946946946946947,0.13013013013013014,0.13913913913913914,0.44644644644644643,0.4984984984984985,Party D,0.3049049049049049,0.4142142142142142,0.5315315315315315,0.39981981981981984
Jaunpur,Uttar Pradesh,0.7057057057057057,0.14114114114114115,0.06406406406406406,0.5005005005005005,0.5095095095095095,0.8168168168168168,0.8688688688688688,Party D,0.47987987987987984,0.2840840840840841,0.4574574574574575,0.40574574574574573
Bhilwara,Rajasthan,0.031031031031031032,0.4674674674674675,0.7747747747747747,0.8268268268268268,0.21921921921921922,0.6546546546546547,0.5785785785785785,Party A,0.20560560560560565,0.6792792792792793,0.4386386386386386,0.4296496496496497
Samastipur,Bihar,0.6336336336336337,0.6856856856856857,0.992992992992993,0.42842842842842843,0.43743743743743746,0.7447447447447447,0.7967967967967968,Party D,0.6544544544544544,0.7125125125125126,0.47187187187187196,0.629129129129129
Jalore,Rajasthan,0.7337337337337337,0.960960960960961,0.22022022022022023,0.31931931931931934,0.5375375375375375,0.972972972972973,0.1991991991991992,Party A,0.8246246246246246,0.31341341341341344,0.09589589589589587,0.46351851851851855
Bundi,Rajasthan,0.7687687687687688,0.6926926926926927,0.12712712712712712,0.43543543543543545,0.5725725725725725,0.8798798798798799,0.3153153153153153,Party B,0.7383383383383384,0.3087087087087087,0.19819819819819817,0.45293293293293296
Katihar,Bihar,0.3813813813813814,0.8178178178178178,0.12412412412412413,0.35135135135135137,0.18518518518518517,0.4924924924924925,0.928928928928929,Party A,0.5559559559559559,0.20450450450450453,0.6760760760760761,0.462977977977978
Jhansi,Uttar Pradesh,0.16216216216216217,0.21421421421421422,0.5215215215215215,0.5735735735735735,0.9669669669669669,0.2732732732732733,0.3253253253253253,Party D,0.182982982982983,0.6262262262262261,0.5661661661661662,0.4339139139139139
Shivpuri,Madhya Pradesh,0.5925925925925926,0.8198198198198198,0.12612612612612611,0.5625625625625625,0.3963963963963964,0.7037037037037037,0.9309309309309309,Party A,0.6834834834834834,0.3111111111111111,0.5501501501501502,0.5198198198198198
Kota,Rajasthan,0.7397397397397397,0.7917917917917918,0.0980980980980981,0.5345345345345346,0.5435435435435435,0.8508508508508509,0.9029029029029029,Party C,0.7605605605605605,0.31811811811811813,0.45065065065065063,0.5282282282282282
Banda,Uttar Pradesh,0.9719719719719719,0.4074074074074074,0.3303303303303303,0.9419419419419419,0.7757757757757757,0.08208208208208208,0.5185185185185185,Party B,0.7461461461461462,0.6029029029029029,0.7581581581581581,0.699014014014014
Ghazipur,Uttar Pradesh,0.7997997997997998,0.8988988988988988,0.3333333333333333,0.6416416416416416,0.7787787787787788,0.9109109109109109,0.13713713713713713,Party A,0.8394394394394393,0.5149149149149149,0.1083083083083083,0.5430730730730731
Kaushambi,Uttar Pradesh,0.05305305305305305,0.4894894894894895,0.7967967967967968,0.8488488488488488,0.8578578578578578,0.16416416416416416,0.6006006006006006,Party B,0.22762762762762764,0.8246246246246246,0.7417417417417418,0.565105105105105
Khagaria,Bihar,0.2032032032032032,0.6396396396396397,0.5625625625625625,0.998998998998999,0.007007007007007007,0.44244244244244246,0.7507507507507507,Party C,0.37777777777777777,0.5823823823823824,0.6348348348348348,0.5136536536536537
Bhojpur,Bihar,0.6056056056056056,0.5295295295295295,0.964964964964965,0.2722722722722723,0.4094094094094094,0.7167167167167167,0.7687687687687688,Party C,0.5751751751751751,0.646046046046046,0.47747747747747754,0.5755555555555555
Prayagraj,Uttar Pradesh,0.5145145145145145,0.950950950950951,0.25725725725725723,0.30930930930930933,0.3183183183183183,0.7537537537537538,0.06106106106106106,Party C,0.6890890890890891,0.28508508508508507,0.17217217217217218,0.4184584584584584
Buxar,Bihar,0.19119119119119118,0.2902902902902903,0.7257257257257257,0.6496496496496497,0.6586586586586587,0.3023023023023023,0.5295295295295295,Party D,0.23083083083083084,0.6894894894894894,0.6304304304304303,0.49126126126126124
Dakshin Dinajpur,West Bengal,0.037037037037037035,0.0890890890890891,0.3963963963963964,0.44844844844844844,0.8418418418418419,0.7647647647647647,0.2002002002002002,Party D,0.05785785785785786,0.5011011011011011,0.22122122122122123,0.25383383383383384
Malda,West Bengal,0.9269269269269269,0.36236236236236236,0.2852852852852853,0.7217217217217218,0.7307307307307307,0.037037037037037035,0.0890890890890891,Party C,0.701101101101101,0.5053053053053054,0.6134134134134135,0.6106506506506506
Tikamgarh,Madhya Pradesh,0.055055055055055056,0.4914914914914915,0.7987987987987988,0.8508508508508509,0.24324324324324326,0.6786786786786787,0.6026026026026026,Party C,0.22962962962962966,0.7033033033033034,0.4338338338338338,0.4464664664664665
Varanasi,Uttar Pradesh,0.6766766766766766,0.7287287287287287,0.035035035035035036,0.47147147147147145,0.4804804804804805,0.9159159159159159,0.8398398398398398,Party C,0.6974974974974975,0.25505505505505505,0.3863863863863864,0.46486486486486484
Darbhanga,Bihar,0.07507507507507508,0.6866866866866866,0.6096096096096096,0.04504504504504504,0.26326326326326327,0.18618618618618618,0.7977977977977978,Party A,0.3197197197197197,0.370970970970971,0.8074074074074074,0.45957957957957957
Saharsa,Bihar,0.6586586586586587,0.0940940940940941,0.4014014014014014,0.6286286286286287,0.4624624624624625,0.8978978978978979,0.20520520520520522,Party D,0.4328328328328328,0.48178178178178177,0.14334334334334337,0.3775925925925926
Sirohi,Rajasthan,0.23423423423423423,0.46146146146146144,0.7687687687687688,0.8208208208208209,0.03803803803803804,0.34534534534534533,0.5725725725725725,Party A,0.32512512512512515,0.6382382382382382,0.6218218218218218,0.508888888888889
Chitrakoot,Uttar Pradesh,0.7507507507507507,0.6746746746746747,0.1091091091091091,0.5455455455455456,0.5545545545545546,0.8618618618618619,0.2972972972972973,Party D,0.7203203203203203,0.32912912912912917,0.2018018018018018,0.4537737737737738
Chandauli,Uttar Pradesh,0.43043043043043044,0.4824824824824825,0.7897897897897898,0.22522522522522523,0.23423423423423423,0.5415415415415415,0.5935935935935935,Party C,0.45125125125125126,0.5093093093093093,0.5125125125125125,0.48688688688688686
Bhadohi,Uttar Pradesh,0.16116116116116116,0.2132132132132132,0.5205205205205206,0.9569569569569569,0.965965965965966,0.2722722722722723,0.32432432432432434,Party C,0.18198198198198198,0.7405405405405405,0.5663663663663663,0.4735735735735735
Baran,Rajasthan,0.5665665665665666,0.6656656656656657,0.1001001001001001,0.5365365365365365,0.7547547547547547,0.6776776776776777,0.2882882882882883,Party C,0.6062062062062061,0.36196196196196195,0.3087087087087087,0.4463463463463463
Sahibganj,Jharkhand,0.035035035035035036,0.26226226226226224,0.3943943943943944,0.6216216216216216,0.8398398398398398,0.27427427427427425,0.3733733733733734,Party A,0.1259259259259259,0.5516516516516516,0.5847847847847848,0.38964464464464466
Kaimur,Bihar,0.042042042042042045,0.0940940940940941,0.5295295295295295,0.45345345345345345,0.8468468468468469,0.28128128128128127,0.3333333333333333,Party C,0.06286286286286287,0.5701701701701701,0.5645645645645646,0.36584584584584584
Rohtas,Bihar,0.23423423423423423,0.6706706706706707,0.5935935935935935,0.02902902902902903,0.03803803803803804,0.34534534534534533,0.7817817817817818,Party D,0.40880880880880877,0.3131131131131131,0.7055055055055055,0.44948948948948947
Udaipur,Rajasthan,0.6276276276276276,0.6796796796796797,0.986986986986987,0.42242242242242245,0.4314314314314314,0.8668668668668669,0.7907907907907908,Party D,0.6484484484484485,0.7065065065065065,0.3961961961961962,0.6057057057057058
Godda,Jharkhand,0.062062062062062065,0.4984984984984985,0.8058058058058059,0.8578578578578578,0.8668668668668669,0.17317317317317318,0.6096096096096096,Party A,0.23663663663663664,0.8336336336336336,0.7399399399399399,0.5714114114114114
Mirzapur,Uttar Pradesh,0.08308308308308308,0.18218218218218218,0.6176176176176176,0.6696696696696697,0.8878878878878879,0.1941941941941942,0.4214214214214214,Party C,0.12272272272272272,0.6872872872872873,0.652052052052052,0.45265265265265264
Lalitpur,Uttar Pradesh,0.6976976976976977,0.7497497497497497,0.056056056056056056,0.4924924924924925,0.5015015015015015,0.8088088088088088,0.8608608608608609,Party D,0.7185185185185186,0.2760760760760761,0.4590590590590591,0.49879879879879885
Jamui,Bihar,0.960960960960961,0.012012012012012012,0.31931931931931934,0.5465465465465466,0.7647647647647647,0.07107107107107107,0.12312312312312312,Party B,0.5813813813813814,0.4765765765765766,0.6066066066066066,0.551006006006006
Neemuch,Madhya Pradesh,0.5815815815815816,0.01701701701701702,0.32432432432432434,0.3763763763763764,0.7697697697697697,0.6926926926926927,0.12812812812812813,Party C,0.35575575575575574,0.42902902902902906,0.2356356356356356,0.3513713713713713
Banka,Bihar,0.09009009009009009,0.5265265265265265,0.8338338338338338,0.8858858858858859,0.8948948948948949,0.7137137137137137,0.6376376376376376,Party A,0.26466466466466465,0.8616616616616616,0.4268268268268268,0.5141541541541541
Rewa,Madhya Pradesh,0.24324324324324326,0.2952952952952953,0.6026026026026026,0.8298298298298298,0.04704704704704705,0.4824824824824825,0.4064064064064064,Party D,0.2640640640640641,0.5596596596596596,0.47307307307307306,0.4197747747747747
Satna,Madhya Pradesh,0.32932932932932935,0.3813813813813814,0.6886886886886887,0.7407407407407407,0.13313313313313313,0.44044044044044045,0.4924924924924925,Party A,0.35015015015015016,0.5931931931931932,0.5327327327327327,0.48086086086086083
Guna,Madhya Pradesh,0.6466466466466466,0.6986986986986987,0.005005005005005005,0.44144144144144143,0.45045045045045046,0.7577577577577578,0.8098098098098098,Party B,0.6674674674674674,0.22502502502502503,0.46926926926926926,0.46306306306306305
Nawada,Bihar,0.3793793793793794,0.47847847847847846,0.913913913913914,0.8378378378378378,0.1831831831831832,0.4904904904904905,0.7177177177177178,Party C,0.419019019019019,0.744944944944945,0.5927927927927927,0.5765365365365365
Gaya,Bihar,0.9129129129129129,0.3483483483483483,0.27127127127127126,0.7077077077077077,0.7167167167167167,0.023023023023023025,0.4594594594594595,Party C,0.6870870870870871,0.49129129129129123,0.7699699699699699,0.6392792792792792
Ashoknagar,Madhya Pradesh,0.8068068068068068,0.8588588588588588,0.16516516516516516,0.6016016016016016,0.6106106106106106,0.9179179179179179,0.96996996996997,Party C,0.8276276276276276,0.3851851851851852,0.4372372372372373,0.5751751751751752
Banaskantha,Gujarat,0.43243243243243246,0.8688688688688688,0.17517517517517517,0.4024024024024024,0.23623623623623624,0.5435435435435435,0.97997997997998,Party B,0.607007007007007,0.25555555555555554,0.6658658658658659,0.49871371371371376
Jhalawar,Rajasthan,0.9369369369369369,0.37237237237237236,0.6796796796796797,0.7317317317317318,0.7407407407407407,0.17517517517517517,0.48348348348348347,Party D,0.711111111111111,0.7075075075075075,0.6882882882882884,0.7041441441441442
Murshidabad,West Bengal,0.0970970970970971,0.5335335335335335,0.45645645645645644,0.8928928928928929,0.9019019019019019,0.2082082082082082,0.6446446446446447,Party A,0.27167167167167167,0.6764764764764765,0.7329329329329329,0.5286686686686687
Sonbhadra,Uttar Pradesh,0.8588588588588588,0.7827827827827828,0.2172172172172172,0.6536536536536537,0.6626626626626627,0.96996996996997,0.021021021021021023,Party C,0.8284284284284285,0.43723723723723723,0.026426426426426418,0.4910110110110111
Pakur,Jharkhand,0.6396396396396397,0.07507507507507508,0.38238238238238237,0.4344344344344344,0.8278278278278278,0.7507507507507507,0.18618618618618618,Party A,0.4138138138138138,0.48708708708708703,0.22402402402402405,0.392012012012012
Mandsaur,Madhya Pradesh,0.34434434434434436,0.3963963963963964,0.7037037037037037,0.7557557557557557,0.14814814814814814,0.5835835835835835,0.5075075075075075,Party B,0.3651651651651652,0.6082082082082082,0.45285285285285287,0.4721521521521521
Munger,Bihar,0.9209209209209209,0.3563563563563564,0.6636636636636637,0.7157157157157157,0.7247247247247247,0.15915915915915915,0.4674674674674675,Party A,0.6950950950950952,0.6914914914914915,0.6914914914914915,0.6929329329329329
Giridih,Jharkhand,0.5505505505505506,0.7777777777777778,0.2122122122122122,0.5205205205205206,0.5295295295295295,0.7897897897897898,0.016016016016016016,Party C,0.6414414414414414,0.3681681681681681,0.13253253253253255,0.41856856856856856
Dumka,Jharkhand,0.4294294294294294,0.48148148148148145,0.7887887887887888,0.8408408408408409,0.23323323323323322,0.5405405405405406,0.5925925925925926,Party C,0.45025025025025023,0.6932932932932933,0.5127127127127127,0.5509309309309309
Singrauli,Madhya Pradesh,0.13913913913913914,0.5755755755755756,0.8828828828828829,0.934934934934935,0.943943943943944,0.2502502502502503,0.6866866866866866,Party A,0.31371371371371376,0.9107107107107107,0.7245245245245244,0.6253653653653654
Birbhum,West Bengal,0.12912912912912913,0.5655655655655656,0.0,0.924924924924925,0.933933933933934,0.3683683683683684,0.8048048048048048,Party B,0.3037037037037037,0.46426426426426426,0.7009009009009008,0.45919919919919916
Deoghar,Jharkhand,0.27127127127127126,0.4984984984984985,0.6306306306306306,0.24124124124124124,0.07507507507507508,0.38238238238238237,0.6096096096096096,Party C,0.3621621621621621,0.4027027027027027,0.6144144144144144,0.43941441441441437
Palamu,Jharkhand,0.7127127127127127,0.7647647647647647,0.07107107107107107,0.12312312312312312,0.5165165165165165,0.4394394394394394,0.8758758758758759,Party A,0.7335335335335336,0.17577577577577577,0.6866866866866868,0.5266066066066066
Sidhi,Madhya Pradesh,0.8658658658658659,0.0920920920920921,0.22422422422422422,0.45145145145145144,0.6696696696696697,0.1041041041041041,0.2032032032032032,Party A,0.5563563563563563,0.3814814814814815,0.6188188188188188,0.5107657657657658
Chatra,Jharkhand,0.2172172172172172,0.4444444444444444,0.8798798798798799,0.1871871871871872,0.021021021021021023,0.45645645645645644,0.5555555555555556,Party A,0.30810810810810807,0.5003003003003004,0.5483483483483484,0.43543543543543545
Garhwa,Jharkhand,0.34034034034034033,0.5675675675675675,0.08308308308308308,0.3103103103103103,0.14414414414414414,0.5795795795795796,0.6786786786786787,Party C,0.4312312312312312,0.16346346346346347,0.5237237237237238,0.3606356356356356
Sagar,Madhya Pradesh,0.6106106106106106,0.5345345345345346,0.96996996996997,0.2772772772772773,0.2862862862862863,0.7217217217217218,0.7737737737737738,Party B,0.5801801801801802,0.6254254254254255,0.4764764764764764,0.57009009009009
Patan,Gujarat,0.08208208208208208,0.13413413413413414,0.44144144144144143,0.8778778778778779,0.8868868868868869,0.1931931931931932,0.24524524524524524,Party B,0.10290290290290291,0.6614614614614615,0.5821821821821822,0.41821821821821825
Damoh,Madhya Pradesh,0.5625625625625625,0.8708708708708709,0.3053053053053053,0.22922922922922923,0.7507507507507507,0.6736736736736737,0.1091091091091091,Party C,0.6858858858858858,0.37157157157157156,0.23943943943943943,0.46426426426426426
Shajapur,Madhya Pradesh,0.4144144144144144,0.46646646646646645,0.7737737737737738,0.0,0.2182182182182182,0.5255255255255256,0.5775775775775776,Party C,0.4352352352352352,0.43053053053053053,0.5157157157157157,0.4537087087087087
Vidisha,Madhya Pradesh,0.6366366366366366,0.5605605605605606,0.3793793793793794,0.3033033033033033,0.44044044044044045,0.7477477477477478,0.1831831831831832,Party A,0.6062062062062062,0.3687687687687688,0.22462462462462462,0.4277077077077077
Mehsana,Gujarat,0.15415415415415415,0.5905905905905906,0.8978978978978979,0.94994994994995,0.958958958958959,0.7777777777777778,0.7017017017017017,Party C,0.3287287287287287,0.9257257257257258,0.41401401401401405,0.558998998998999
Rajgarh,Madhya Pradesh,0.3103103103103103,0.36236236236236236,0.6696696696696697,0.10510510510510511,0.11411411411411411,0.5495495495495496,0.47347347347347346,Party B,0.33113113113113113,0.3891891891891892,0.4596596596596596,0.3835835835835836
Shahdol,Madhya Pradesh,0.44044044044044045,0.7487487487487487,0.1831831831831832,0.23523523523523523,0.24424424424424424,0.5515515515515516,0.987987987987988,Party B,0.5637637637637638,0.21101101101101102,0.6642642642642643,0.4654254254254254
Nadia,West Bengal,0.7977977977977978,0.8498498498498499,0.15615615615615616,0.2082082082082082,0.6016016016016016,0.908908908908909,0.960960960960961,Party B,0.8186186186186186,0.26086086086086085,0.439039039039039,0.5285085085085085
Jamtara,Jharkhand,0.2682682682682683,0.4954954954954955,0.8028028028028028,0.23823823823823823,0.07207207207207207,0.3793793793793794,0.6066066066066066,Party B,0.3591591591591592,0.4872872872872873,0.615015015015015,0.467967967967968
Dungarpur,Rajasthan,0.5315315315315315,0.5835835835835835,0.8908908908908909,0.3263263263263263,0.3353353353353353,0.6426426426426426,0.6946946946946947,Party A,0.5523523523523524,0.6104104104104104,0.4922922922922923,0.5576576576576577
Katni,Madhya Pradesh,0.5405405405405406,0.6396396396396397,0.07407407407407407,0.998998998998999,0.13513513513513514,0.6516516516516516,0.8788788788788788,Party C,0.5801801801801802,0.36376376376376374,0.5605605605605606,0.49952952952952956
Dhanbad,Jharkhand,0.6806806806806807,0.6046046046046046,0.42342342342342343,0.4754754754754755,0.4844844844844845,0.7917917917917918,0.22722722722722724,Party D,0.6502502502502503,0.45125125125125126,0.21581581581581583,0.47199199199199204
Banswara,Rajasthan,0.3053053053053053,0.35735735735735735,0.6646646646646647,0.1001001001001001,0.1091091091091091,0.4164164164164164,0.46846846846846846,Party A,0.3261261261261261,0.3841841841841842,0.5375375375375375,0.3992992992992993
Umaria,Madhya Pradesh,0.5365365365365365,0.46046046046046046,0.8958958958958959,0.33133133133133136,0.34034034034034033,0.6476476476476476,0.6996996996996997,Party C,0.5061061061061061,0.6154154154154154,0.49129129129129134,0.5406606606606607
Latehar,Jharkhand,0.9479479479479479,1.0,0.3063063063063063,0.7427427427427428,0.7517517517517518,0.18618618618618618,0.11011011011011011,Party A,0.9687687687687687,0.5263263263263264,0.5323323323323323,0.7048048048048048
Ratlam,Madhya Pradesh,0.4754754754754755,0.5275275275275275,0.8348348348348348,0.2702702702702703,0.27927927927927926,0.5865865865865866,0.6386386386386387,Party C,0.49629629629629635,0.5543543543543543,0.5035035035035036,0.5184184184184184
Bokaro,Jharkhand,0.8018018018018018,0.23723723723723725,0.5445445445445446,0.5965965965965966,0.6056056056056056,0.9129129129129129,0.3483483483483483,Party B,0.5759759759759759,0.5723723723723724,0.19159159159159161,0.4786186186186186
Ramgarh,Jharkhand,0.7697697697697697,0.20520520520520522,0.5125125125125125,0.7397397397397397,0.5735735735735735,0.8808808808808809,0.3163163163163163,Party C,0.543943943943944,0.5928928928928929,0.19799799799799797,0.47458958958958963
Bhopal,Madhya Pradesh,0.6816816816816816,0.908908908908909,0.3433433433433433,0.2672672672672673,0.4854854854854855,0.9209209209209209,0.14714714714714713,Party D,0.7725725725725726,0.3489489489489489,0.1063063063063063,0.45773773773773774
Purba Bardhaman,West Bengal,0.4394394394394394,0.6666666666666666,0.973973973973974,0.025025025025025027,0.03403403403403404,0.5505505505505506,0.7777777777777778,Party C,0.5303303303303303,0.5013013013013013,0.5807807807807808,0.5327827827827828
Koriya,Chhattisgarh,0.5085085085085085,0.944944944944945,0.25125125125125125,0.3033033033033033,0.6966966966966966,0.6196196196196196,0.055055055055055056,Party A,0.6830830830830831,0.35595595595595597,0.2502502502502502,0.46038038038038037
Ujjain,Madhya Pradesh,0.8568568568568569,0.7807807807807807,0.21521521521521522,0.6516516516516516,0.6606606606606606,0.9679679679679679,0.4034034034034034,Party D,0.8264264264264265,0.4352352352352352,0.18058058058058063,0.5280480480480481
Gandhinagar,Gujarat,0.9469469469469469,0.17317317317317318,0.4804804804804805,0.5325325325325325,0.7507507507507507,0.18518518518518517,0.28428428428428426,Party B,0.6374374374374374,0.5501501501501502,0.6026026026026027,0.5981781781781782
Ahmedabad,Gujarat,0.9219219219219219,0.8458458458458459,0.2802802802802803,0.2042042042042042,0.7257257257257257,0.03203203203203203,0.08408408408408409,Party C,0.8914914914914915,0.34654654654654654,0.6144144144144144,0.6314914914914915
Raisen,Madhya Pradesh,0.8778778778778779,0.92992992992993,0.23623623623623624,0.46346346346346345,0.6816816816816816,0.988988988988989,0.04004004004004004,Party C,0.8986986986986987,0.3934934934934935,0.022622622622622608,0.5028578578578579
Purulia,West Bengal,0.6406406406406406,0.07607607607607608,0.3833833833833834,0.43543543543543545,0.4444444444444444,0.8798798798798799,0.1871871871871872,Party C,0.4148148148148148,0.41121121121121124,0.14694694694694693,0.3465865865865866
Sehore,Madhya Pradesh,0.01001001001001001,0.934934934934935,0.36936936936936937,0.2932932932932933,0.3023023023023023,0.7377377377377378,0.17317317317317318,Party A,0.37997997997998,0.3331331331331332,0.22662662662662664,0.3252452452452453
Ranchi,Jharkhand,0.015015015015015015,0.06706706706706707,0.3743743743743744,0.8108108108108109,0.8198198198198198,0.12612612612612611,0.1781781781781782,Party B,0.035835835835835834,0.5943943943943943,0.5955955955955956,0.37127127127127124
Bankura,West Bengal,0.3993993993993994,0.7077077077077077,0.14214214214214213,0.24124124124124124,0.2032032032032032,0.5105105105105106,0.9469469469469469,Party A,0.5227227227227227,0.1840840840840841,0.6724724724724724,0.4416366366366366
Lohardaga,Jharkhand,0.5735735735735735,0.8008008008008008,0.10710710710710711,0.15915915915915915,0.37737737737737737,0.8128128128128128,0.9119119119119119,Party B,0.6644644644644645,0.17677677677677678,0.4770770770770771,0.446926926926927
Panchmahal,Gujarat,0.1781781781781782,0.4864864864864865,0.9219219219219219,0.8458458458458459,0.8548548548548549,0.28928928928928926,0.7257257257257257,Party A,0.3015015015015015,0.8856856856856857,0.7167167167167168,0.6097697697697698
Jabalpur,Madhya Pradesh,0.928928928928929,0.15515515515515516,0.4624624624624625,0.5145145145145145,0.7327327327327328,0.16716716716716717,0.26626626626626626,Party B,0.6194194194194195,0.5321321321321321,0.6062062062062061,0.5855655655655656
Gumla,Jharkhand,0.6076076076076076,0.8348348348348348,0.14114114114114115,0.5775775775775776,0.5865865865865866,0.7187187187187187,0.9459459459459459,Party A,0.6984984984984985,0.36116116116116115,0.5471471471471472,0.5425925925925926
Dahod,Gujarat,0.6906906906906907,0.12612612612612611,0.04904904904904905,0.4854854854854855,0.4944944944944945,0.8018018018018018,0.23723723723723725,Party D,0.46486486486486484,0.2690690690690691,0.2138138138138138,0.33357357357357353
Dewas,Madhya Pradesh,0.9069069069069069,0.8308308308308309,0.6496496496496497,0.8768768768768769,0.7107107107107107,0.01701701701701702,0.45345345345345345,Party D,0.8764764764764765,0.7300300300300301,0.7711711711711712,0.7988938938938939
Anuppur,Madhya Pradesh,0.37237237237237236,0.6806806806806807,0.11511511511511512,0.03903903903903904,0.17617617617617617,0.48348348348348347,0.91991991991992,Party A,0.4956956956956957,0.1045045045045045,0.6778778778778779,0.4043243243243243
Jhabua,Madhya Pradesh,0.5925925925925926,0.5165165165165165,0.9519519519519519,0.38738738738738737,0.3963963963963964,0.7037037037037037,0.7557557557557557,Party C,0.5621621621621622,0.6714714714714715,0.4800800800800801,0.5798998998998999
North 24 Parganas,West Bengal,0.7357357357357357,0.9629629629629629,0.26926926926926925,0.7057057057057057,0.5395395395395396,0.8468468468468469,0.07307307307307308,Party C,0.8266266266266267,0.45425425425425425,0.12112112112112111,0.5199199199199199
Dindori,Madhya Pradesh,0.7247247247247247,0.6486486486486487,0.08308308308308308,0.007007007007007007,0.5285285285285285,0.8358358358358359,0.8878878878878879,Party A,0.6942942942942942,0.14934934934934935,0.4536536536536536,0.44340340340340334
Hooghly,West Bengal,0.16416416416416416,0.4724724724724725,0.9079079079079079,0.006006006006006006,0.8408408408408409,0.2752752752752753,0.7117117117117117,Party B,0.2874874874874875,0.6239239239239239,0.7195195195195194,0.5132482482482482
Khunti,Jharkhand,0.3943943943943944,0.8308308308308309,0.7537537537537538,0.1891891891891892,0.1981981981981982,0.6336336336336337,0.9419419419419419,Party B,0.568968968968969,0.47327327327327323,0.5965965965965966,0.5423823823823823
Narsinghpur,Madhya Pradesh,0.9579579579579579,0.8818818818818819,0.7007007007007007,0.7527527527527528,0.7617617617617618,0.06806806806806807,0.5045045045045045,Party D,0.9275275275275274,0.7285285285285285,0.7609609609609609,0.8162362362362362
Dhar,Madhya Pradesh,0.3133133133133133,0.36536536536536535,0.6726726726726727,0.10810810810810811,0.11711711711711711,0.4244244244244244,0.47647647647647645,Party D,0.3341341341341341,0.3921921921921922,0.5359359359359359,0.4049049049049049
Jashpur,Chhattisgarh,0.9819819819819819,0.9059059059059059,0.7247247247247247,0.4394394394394394,0.7857857857857858,0.0920920920920921,0.5285285285285285,Party D,0.9515515515515516,0.6513513513513514,0.7561561561561561,0.7976326326326326
Indore,Madhya Pradesh,0.1921921921921922,0.6286286286286287,0.9359359359359359,0.16216216216216217,0.996996996996997,0.8158158158158159,0.7397397397397397,Party C,0.3667667667667668,0.716016016016016,0.40640640640640635,0.49891391391391393
Saraikela-Kharsawan,Jharkhand,0.44344344344344344,0.8798798798798799,0.8028028028028028,0.23823823823823823,0.24724724724724725,0.5545545545545546,0.990990990990991,Party D,0.618018018018018,0.5223223223223223,0.6636636636636637,0.595935935935936
Mandla,Madhya Pradesh,0.5505505505505506,0.6026026026026026,0.9099099099099099,0.9619619619619619,0.35435435435435436,0.7897897897897898,0.7137137137137137,Party C,0.5713713713713714,0.8144144144144144,0.41161161161161164,0.6164964964964965
East Singhbhum,Jharkhand,0.6306306306306306,0.6826826826826827,0.98998998998999,0.42542542542542544,0.4344344344344344,0.7417417417417418,0.7937937937937938,Party D,0.6514514514514514,0.7095095095095094,0.4724724724724725,0.627027027027027
Hoshangabad,Madhya Pradesh,0.32432432432432434,0.3763763763763764,0.6836836836836837,0.11911911911911911,0.12812812812812813,0.5635635635635635,0.4874874874874875,Party C,0.34514514514514516,0.40320320320320324,0.4568568568568569,0.39339339339339346
Korba,Chhattisgarh,0.5725725725725725,0.7997997997997998,0.1061061061061061,0.15815815815815815,0.16716716716716717,0.8118118118118118,0.9109109109109109,Party C,0.6634634634634634,0.13393393393393394,0.47727727727727726,0.43158158158158155
West Singhbhum,Jharkhand,0.1881881881881882,0.11211211211211211,0.5475475475475475,0.47147147147147145,0.992992992992993,0.2992992992992993,0.35135135135135137,Party C,0.15775775775775777,0.6138138138138138,0.5609609609609609,0.4181781781781782
Howrah,West Bengal,0.17317317317317318,0.0970970970970971,0.5325325325325325,0.8408408408408409,0.977977977977978,0.28428428428428426,0.33633633633633636,Party D,0.14274274274274273,0.7141141141141141,0.563963963963964,0.448028028028028
Simdega,Jharkhand,0.5265265265265265,0.7537537537537538,0.1881881881881882,0.4964964964964965,0.3303303303303303,0.7657657657657657,0.8648648648648649,Party A,0.6174174174174174,0.3091091091091091,0.4864864864864865,0.47677677677677677
Kolkata,West Bengal,0.07907907907907907,0.13113113113113112,0.43843843843843844,0.8748748748748749,0.8838838838838838,0.19019019019019018,0.24224224224224225,Party D,0.09989989989989989,0.6584584584584585,0.5827827827827827,0.4161161161161161
Koderma,Jharkhand,0.7127127127127127,0.7647647647647647,0.5835835835835835,0.5075075075075075,0.5165165165165165,0.9519519519519519,0.8758758758758759,Party A,0.7335335335335336,0.5473473473473474,0.37917917917917926,0.5797797797797798
Hazaribagh,Jharkhand,0.5785785785785785,0.5025025025025025,0.9379379379379379,0.24524524524524524,0.38238238238238237,0.6896896896896897,0.7417417417417418,Party C,0.5481481481481482,0.619019019019019,0.48288288288288295,0.5566366366366367
Vaishali,Bihar,0.983983983983984,0.9079079079079079,0.34234234234234234,0.7787787787787788,0.7877877877877878,0.0940940940940941,0.5305305305305306,Party A,0.9535535535535535,0.5623623623623624,0.7557557557557557,0.7671871871871871
Begusarai,Bihar,0.06306306306306306,0.16216216216216217,0.5975975975975976,0.9059059059059059,0.042042042042042045,0.17417417417417416,0.7857857857857858,Party B,0.10270270270270271,0.578978978978979,0.8098098098098099,0.4461761761761762
Bhagalpur,Bihar,0.965965965965966,0.01701701701701702,0.32432432432432434,0.7607607607607607,0.7697697697697697,0.07607607607607608,0.12812812812812813,Party B,0.5863863863863863,0.5443443443443443,0.6056056056056056,0.5764764764764765
Lakhisarai,Bihar,0.7487487487487487,0.975975975975976,0.2822822822822823,0.33433433433433435,0.5525525525525525,0.8598598598598599,0.08608608608608609,Party D,0.8396396396396397,0.351951951951952,0.1185185185185185,0.4886686686686687
Sheikhpura,Bihar,0.23923923923923923,0.16316316316316315,0.5985985985985987,0.9069069069069069,0.043043043043043044,0.35035035035035034,0.7867867867867868,Party D,0.2088088088088088,0.57997997997998,0.7045045045045045,0.46264264264264265
Arwal,Bihar,0.5115115115115115,0.9479479479479479,0.8708708708708709,0.3063063063063063,0.3153153153153153,0.6226226226226226,0.05805805805805806,Party C,0.6860860860860861,0.5903903903903904,0.24964964964964967,0.5434834834834835
Jehanabad,Bihar,0.13213213213213212,0.5685685685685685,0.4914914914914915,0.1021021021021021,0.9369369369369369,0.3713713713713714,0.6796796796796797,Party C,0.3067067067067067,0.4637637637637638,0.649049049049049,0.4472622622622623
Nalanda,Bihar,0.35035035035035034,0.27427427427427425,0.7097097097097097,0.6336336336336337,0.6426426426426426,0.07707707707707707,0.5135135135135135,Party D,0.3199199199199199,0.6734734734734735,0.7591591591591591,0.5534734734734734
Patna,Bihar,0.8808808808808809,0.9329329329329329,0.23923923923923923,0.46646646646646645,0.6846846846846847,0.991991991991992,0.043043043043043044,Party A,0.9017017017017017,0.39649649649649654,0.02202202202202205,0.50495995995996
Saran,Bihar,0.45245245245245247,0.3763763763763764,0.8118118118118118,0.24724724724724725,0.25625625625625625,0.5635635635635635,1.0,Party C,0.42202202202202205,0.5313313313313314,0.6618618618618619,0.5202402402402403
Siwan,Bihar,0.91991991991992,0.22722722722722724,0.6626626626626627,0.5865865865865866,0.10710710710710711,0.03003003003003003,0.46646646646646645,Party C,0.6428428428428428,0.5287287287287288,0.7685685685685685,0.6343343343343343
Muzaffarpur,Bihar,0.9269269269269269,0.978978978978979,0.2852852852852853,0.7217217217217218,0.7307307307307307,0.037037037037037035,0.0890890890890891,Party D,0.9477477477477477,0.5053053053053054,0.6134134134134135,0.7093093093093092
Madhepura,Bihar,0.01001001001001001,0.062062062062062065,0.36936936936936937,0.980980980980981,0.8148148148148148,0.24924924924924924,0.17317317317317318,Party C,0.030830830830830835,0.6419419419419419,0.5197197197197196,0.36694194194194185
Araria,Bihar,0.04804804804804805,0.1001001001001001,0.4074074074074074,0.8438438438438438,0.8528528528528528,0.15915915915915915,0.21121121121121122,Party D,0.06886886886886887,0.6274274274274274,0.588988988988989,0.3943943943943944
Supaul,Bihar,0.23323323323323322,0.6696696696696697,0.5925925925925926,0.028028028028028028,0.037037037037037035,0.34434434434434436,0.7807807807807807,Party B,0.4078078078078078,0.3121121121121121,0.7057057057057057,0.44878878878878875
Madhubani,Bihar,0.07107107107107107,0.12312312312312312,0.43043043043043044,0.8668668668668669,0.8758758758758759,0.18218218218218218,0.23423423423423423,Party B,0.0918918918918919,0.6504504504504505,0.5843843843843843,0.41051051051051046
Purnia,Bihar,0.8908908908908909,0.98998998998999,0.4244244244244244,0.47647647647647645,0.6946946946946947,0.001001001001001001,0.22822822822822822,Party D,0.9305305305305305,0.4940940940940941,0.6906906906906907,0.7178178178178178
Surajpur,Chhattisgarh,0.7917917917917918,0.8438438438438438,0.15015015015015015,0.5865865865865866,0.5955955955955956,0.9029029029029029,0.954954954954955,Party C,0.8126126126126126,0.3701701701701702,0.4402402402402403,0.5646646646646647
Surguja,Chhattisgarh,0.8238238238238238,0.7477477477477478,0.18218218218218218,0.1061061061061061,0.6276276276276276,0.934934934934935,0.986986986986987,Party D,0.7933933933933934,0.24844844844844843,0.43383383383383384,0.5127727727727728
Aravalli,Gujarat,0.7027027027027027,0.7547547547547547,0.06106106106106106,0.4974974974974975,0.5065065065065065,0.9419419419419419,0.8658658658658659,Party B,0.7235235235235236,0.2810810810810811,0.3811811811811812,0.4830830830830831
Mahisagar,Gujarat,0.8178178178178178,0.8698698698698699,0.17617617617617617,0.6126126126126126,0.6216216216216216,0.928928928928929,0.980980980980981,Party C,0.8386386386386386,0.39619619619619617,0.43503503503503504,0.5828828828828828
Amethi,Uttar Pradesh,0.6486486486486487,0.08408408408408409,0.3913913913913914,0.44344344344344344,0.45245245245245247,0.7597597597597597,0.19519519519519518,Party D,0.42282282282282285,0.41921921921921923,0.2222222222222222,0.37141141141141143
Ghaziabad,Uttar Pradesh,0.11411411411411411,0.2132132132132132,0.8578578578578578,0.08408408408408409,0.918918918918919,0.22522522522522523,0.45245245245245247,Party A,0.15375375375375375,0.637937937937938,0.6458458458458458,0.4462412412412412
Agar Malwa,Madhya Pradesh,0.7337337337337337,0.16916916916916916,0.47647647647647645,0.5285285285285285,0.9219219219219219,0.8448448448448449,0.2802802802802803,Party C,0.5079079079079079,0.5811811811811812,0.2052052052052052,0.45787787787787787
Sambhal,Uttar Pradesh,0.1011011011011011,0.025025025025025027,0.46046046046046046,0.7687687687687688,0.7777777777777778,0.2122122122122122,0.26426426426426425,Party B,0.07067067067067066,0.6164164164164164,0.5783783783783784,0.3886086086086086
Charkhi Dadri,Haryana,0.32732732732732733,0.5545545545545546,0.8618618618618619,0.2972972972972973,0.3063063063063063,0.43843843843843844,0.6656656656656657,Party A,0.41821821821821825,0.5813813813813814,0.6032032032032032,0.5215715715715716
Alipurduar,West Bengal,0.6706706706706707,0.5945945945945946,0.02902902902902903,0.33733733733733734,0.34634634634634637,0.7817817817817818,0.2172172172172172,Party D,0.6402402402402403,0.184984984984985,0.2178178178178178,0.3752952952952953
Paschim Bardhaman,West Bengal,0.7057057057057057,0.8048048048048048,0.23923923923923923,0.16316316316316315,0.6846846846846847,0.991991991991992,0.043043043043043044,Party C,0.7453453453453454,0.3055055055055055,0.02202202202202205,0.41057057057057056
Kalimpong,West Bengal,0.26226226226226224,0.6986986986986987,0.005005005005005005,0.057057057057057055,0.06606606606606606,0.5015015015015015,0.8098098098098098,Party B,0.43683683683683683,0.03283283283283283,0.623023023023023,0.341981981981982
Ajmer,Rajasthan,0.8558558558558559,0.2912912912912913,0.5985985985985987,0.6506506506506506,0.6596596596596597,0.9669669669669669,0.4024024024024024,Party A,0.63003003003003,0.6264264264264264,0.1807807807807808,0.5164564564564564
Cooch Behar,West Bengal,0.062062062062062065,0.986986986986987,0.8058058058058059,0.7297297297297297,0.8668668668668669,0.17317317317317318,0.6096096096096096,Party D,0.432032032032032,0.7951951951951952,0.7399399399399399,0.6361161161161161
Uttar Dinajpur,West Bengal,0.9069069069069069,0.21421421421421422,0.6496496496496497,0.5735735735735735,0.0940940940940941,0.01701701701701702,0.45345345345345345,Party D,0.6298298298298298,0.5157157157157157,0.7711711711711712,0.6252252252252252
Datia,Madhya Pradesh,0.7597597597597597,0.8588588588588588,0.2932932932932933,0.6016016016016016,0.43543543543543545,0.8708708708708709,0.48148148148148145,Party A,0.7993993993993993,0.4142142142142142,0.27007007007007006,0.5322522522522523
Rajsamand,Rajasthan,0.09009009009009009,0.14214214214214213,0.4494494494494494,0.8858858858858859,0.8948948948948949,0.32932932932932935,0.25325325325325326,Party D,0.1109109109109109,0.6694694694694695,0.5037037037037037,0.40460460460460457
Mahoba,Uttar Pradesh,0.4984984984984985,0.7257257257257257,0.36936936936936937,0.46846846846846846,0.3023023023023023,0.7377377377377378,0.8368368368368369,Party C,0.5893893893893893,0.38568568568568573,0.4920920920920921,0.49376876876876874
Chhatarpur,Madhya Pradesh,0.6396396396396397,0.07507507507507508,0.998998998998999,0.4344344344344344,0.44344344344344344,0.8788788788788788,0.18618618618618618,Party A,0.4138138138138138,0.7185185185185186,0.14714714714714716,0.4537937937937938
Chittorgarh,Rajasthan,0.5385385385385385,0.5905905905905906,0.8978978978978979,0.3333333333333333,0.34234234234234234,0.7777777777777778,0.7017017017017017,Party B,0.5593593593593593,0.6174174174174174,0.41401401401401405,0.5433433433433433
Panna,Madhya Pradesh,0.8238238238238238,0.8758758758758759,0.18218218218218218,0.4094094094094094,0.6276276276276276,0.934934934934935,0.986986986986987,Party D,0.8446446446446447,0.33943943943943944,0.43383383383383384,0.5651201201201201
Sabarkantha,Gujarat,0.8848848848848849,0.3203203203203203,0.7557557557557557,0.6796796796796797,0.6886886886886887,0.5075075075075075,0.4314314314314314,Party D,0.659059059059059,0.7195195195195195,0.46806806806806805,0.6324724724724725
Kutch,Gujarat,0.31431431431431434,0.23823823823823823,0.6736736736736737,0.7727727727727728,0.11811811811811812,0.42542542542542544,0.4774774774774775,Party D,0.28388388388388386,0.5922922922922922,0.5357357357357357,0.45478978978978973
Surendranagar,Gujarat,0.0990990990990991,0.023023023023023025,0.45845845845845845,0.5575575575575575,0.3913913913913914,0.21021021021021022,0.26226226226226224,Party B,0.06866866866866866,0.47477477477477475,0.5787787787787787,0.3383333333333333
Kheda,Gujarat,0.8468468468468469,0.2822822822822823,0.7177177177177178,0.6416416416416416,0.6506506506506506,0.08508508508508508,0.3933933933933934,Party D,0.6210210210210211,0.6814814814814816,0.7063063063063063,0.6635035035035035
Anand,Gujarat,0.7877877877877878,0.22322322322322322,0.14614614614614616,0.5825825825825826,0.5915915915915916,0.026026026026026026,0.33433433433433435,Party D,0.5619619619619619,0.36616616616616615,0.7181181181181181,0.5324724724724724
Kishanganj,Bihar,0.7647647647647647,0.991991991991992,0.2982982982982983,0.7347347347347347,0.5685685685685685,0.8758758758758759,0.1021021021021021,Party C,0.8556556556556556,0.48328328328328324,0.1153153153153153,0.5402402402402403
Morbi,Gujarat,0.91991991991992,0.22722722722722724,0.6626626626626627,0.7147147147147147,0.10710710710710711,0.03003003003003003,0.46646646646646645,Party A,0.6428428428428428,0.5671671671671672,0.7685685685685685,0.6477877877877877
Leh,Ladakh,0.7557557557557557,0.8078078078078078,0.24224224224224225,0.5505505505505506,0.5595595595595596,0.994994994994995,0.918918918918919,Party A,0.7765765765765765,0.3981981981981982,0.3705705705705706,0.5426426426426426
Kargil,Ladakh,0.8438438438438438,0.7677677677677678,0.2022022022022022,0.3013013013013013,0.6476476476476476,0.954954954954955,0.006006006006006006,Party D,0.8134134134134134,0.32102102102102104,0.029429429429429423,0.44508008008008015
Kupwara,Jammu and Kashmir,0.8198198198198198,0.7437437437437437,0.1781781781781782,0.40540540540540543,0.6236236236236237,0.9309309309309309,0.982982982982983,Party A,0.7893893893893893,0.33543543543543547,0.4346346346346347,0.5418168168168168
Bandipora,Jammu and Kashmir,0.12712712712712712,0.5635635635635635,0.8708708708708709,0.9229229229229229,0.9319319319319319,0.23823823823823823,0.6746746746746747,Party D,0.3017017017017017,0.8986986986986987,0.726926926926927,0.6169569569569568
Baramulla,Jammu and Kashmir,0.3793793793793794,0.3033033033033033,0.12212212212212212,0.22122122122122123,0.055055055055055056,0.4904904904904905,0.9269269269269269,Party A,0.34894894894894896,0.13843843843843842,0.6764764764764765,0.3571521521521521
Ganderbal,Jammu and Kashmir,0.2952952952952953,0.5225225225225225,0.9579579579579579,0.2652652652652653,0.0990990990990991,0.5345345345345346,0.6336336336336337,Party A,0.38618618618618616,0.5783783783783784,0.5327327327327327,0.4900900900900901
Anantnag,Jammu and Kashmir,0.8608608608608609,0.7847847847847848,0.21921921921921922,0.5275275275275275,0.6646646646646647,0.9719719719719719,0.023023023023023025,Party D,0.8304304304304304,0.4008008008008008,0.02602602602602605,0.478958958958959
Kishtwar,Jammu and Kashmir,0.7867867867867868,0.8388388388388388,0.14514514514514515,0.5815815815815816,0.5905905905905906,0.8978978978978979,0.94994994994995,Party B,0.8076076076076076,0.3651651651651652,0.4412412412412413,0.5611611611611612
Srinagar,Jammu and Kashmir,0.6906906906906907,0.7427427427427428,0.04904904904904905,0.1011011011011011,0.4944944944944945,0.8018018018018018,0.8538538538538538,Party B,0.7115115115115116,0.15375375375375377,0.4604604604604604,0.45353353353353354
Budgam,Jammu and Kashmir,0.8178178178178178,0.25325325325325326,0.17617617617617617,0.6126126126126126,0.6216216216216216,0.056056056056056056,0.36436436436436437,Party B,0.5919919919919919,0.39619619619619617,0.7121121121121121,0.5534934934934934
Pulwama,Jammu and Kashmir,0.3633633633633634,0.5905905905905906,0.8978978978978979,0.3333333333333333,0.34234234234234234,0.4744744744744745,0.7017017017017017,Party D,0.45425425425425425,0.6174174174174174,0.595995995995996,0.5467967967967968
Punch,Jammu and Kashmir,0.3033033033033033,0.7397397397397397,0.04604604604604605,0.0980980980980981,0.10710710710710711,0.4144144144144144,0.8508508508508509,Party D,0.47787787787787783,0.07387387387387387,0.6916916916916918,0.3899299299299299
Shopiyan,Jammu and Kashmir,0.19019019019019018,0.11411411411411411,0.933933933933934,0.985985985985986,0.994994994994995,0.3013013013013013,0.7377377377377378,Party A,0.15975975975975976,0.9617617617617618,0.7143143143143144,0.5790990990990991
Kulgam,Jammu and Kashmir,0.2772772772772773,0.32932932932932935,0.6366366366366366,0.07207207207207207,0.08108108108108109,0.5165165165165165,0.44044044044044045,Party B,0.2980980980980981,0.35615615615615615,0.46626626626626627,0.36046046046046043
Rajouri,Jammu and Kashmir,0.4624624624624625,0.3863863863863864,0.20520520520520522,0.12912912912912913,0.26626626626626626,0.5735735735735735,0.009009009009009009,Party D,0.43203203203203205,0.1945945945945946,0.2594594594594595,0.3057857857857858
Ramban,Jammu and Kashmir,0.23323323323323322,0.6696696696696697,0.9769769769769769,0.028028028028028028,0.037037037037037035,0.34434434434434436,0.7807807807807807,Party A,0.4078078078078078,0.5043043043043043,0.7057057057057057,0.5160560560560561
Reasi,Jammu and Kashmir,0.6016016016016016,0.6536536536536537,0.960960960960961,0.3963963963963964,0.40540540540540543,0.8408408408408409,0.7647647647647647,Party A,0.6224224224224224,0.6804804804804805,0.4014014014014014,0.5874874874874875
Doda,Jammu and Kashmir,0.2022022022022022,0.6386386386386387,0.9459459459459459,0.997997997997998,0.006006006006006006,0.3133133133133133,0.7497497497497497,Party B,0.3767767767767768,0.7735735735735735,0.7119119119119119,0.5994394394394394
Lahaul and Spiti,Himachal Pradesh,0.28428428428428426,0.5115115115115115,0.8188188188188188,0.8708708708708709,0.08808808808808809,0.5235235235235235,0.6226226226226226,Party A,0.3751751751751752,0.6882882882882883,0.5349349349349349,0.5247047047047048
Chamba,Himachal Pradesh,0.11611611611611612,0.5525525525525525,0.8598598598598599,0.9119119119119119,0.9209209209209209,0.7397397397397397,0.6636636636636637,Party A,0.2906906906906907,0.8876876876876878,0.42162162162162165,0.5323723723723724
Jammu,Jammu and Kashmir,0.1891891891891892,0.11311311311311312,0.5485485485485485,0.984984984984985,0.993993993993994,0.3003003003003003,0.35235235235235235,Party B,0.15875875875875878,0.7685685685685685,0.5607607607607608,0.47269269269269265
Kathua,Jammu and Kashmir,0.2802802802802803,0.5885885885885885,0.023023023023023025,0.9479479479479479,0.46846846846846846,0.3913913913913914,0.8278278278278278,Party C,0.4036036036036036,0.38958958958958956,0.6962962962962963,0.47187187187187185
Gurdaspur,Punjab,0.037037037037037035,0.47347347347347346,0.7807807807807807,0.8328328328328328,0.22522522522522523,0.6606606606606606,0.5845845845845846,Party B,0.21161161161161163,0.6852852852852852,0.43743743743743746,0.43385385385385383
Kangra,Himachal Pradesh,0.8108108108108109,0.7347347347347347,0.16916916916916916,0.4774774774774775,0.6146146146146146,0.9219219219219219,0.35735735735735735,Party B,0.7803803803803804,0.3507507507507508,0.18978978978978978,0.4823623623623624
Kullu,Himachal Pradesh,0.22522522522522523,0.6616616616616616,0.968968968968969,0.02002002002002002,0.4134134134134134,0.33633633633633636,0.7727727727727728,Party B,0.3997997997997998,0.5731731731731732,0.7073073073073073,0.5373573573573573
Hoshiarpur,Punjab,0.5795795795795796,0.6316316316316316,0.938938938938939,0.3743743743743744,0.3833833833833834,0.6906906906906907,0.7427427427427428,Party A,0.6004004004004004,0.6584584584584585,0.4826826826826828,0.5912912912912913
Amritsar,Punjab,0.4444444444444444,0.4964964964964965,0.8038038038038038,0.23923923923923923,0.24824824824824826,0.6836836836836837,0.6076076076076076,Party C,0.4652652652652653,0.5233233233233233,0.4328328328328328,0.4774774774774775
Mandi,Himachal Pradesh,0.7727727727727728,0.8248248248248248,0.13113113113113112,0.1831831831831832,0.5765765765765766,0.4994994994994995,0.9359359359359359,Party A,0.7935935935935936,0.23583583583583584,0.6746746746746747,0.5686486486486487
Kinnaur,Himachal Pradesh,0.6346346346346347,0.9429429429429429,0.37737737737737737,0.3013013013013013,0.43843843843843844,0.7457457457457457,0.18118118118118118,Party A,0.757957957957958,0.3667667667667668,0.22502502502502503,0.4878078078078078
Una,Himachal Pradesh,0.08808808808808809,0.5245245245245245,0.8318318318318318,0.8838838838838838,0.27627627627627627,0.1991991991991992,0.6356356356356356,Party D,0.26266266266266264,0.7363363363363362,0.7347347347347346,0.5464664664664665
Shimla,Himachal Pradesh,0.4904904904904905,0.4144144144144144,0.8498498498498499,0.15715715715715717,0.29429429429429427,0.6016016016016016,0.6536536536536537,Party A,0.46006006006006006,0.5309309309309309,0.5005005005005005,0.49497497497497495
Jalandhar,Punjab,0.025025025025025027,0.25225225225225223,0.5595595595595596,0.995995995995996,0.8298298298298298,0.13613613613613615,0.3633633633633634,Party B,0.1159159159159159,0.7445445445445447,0.6636636636636637,0.47287287287287294
Tarn Taran,Punjab,0.19519519519519518,0.6316316316316316,0.5545545545545546,0.990990990990991,1.0,0.3063063063063063,0.7427427427427428,Party A,0.3697697697697697,0.7745745745745745,0.7133133133133134,0.5973373373373373
Rupnagar,Punjab,0.09509509509509509,0.5315315315315315,0.8388388388388388,0.8908908908908909,0.8998998998998999,0.2062062062062062,0.6426426426426426,Party A,0.26966966966966965,0.8666666666666667,0.7333333333333333,0.5945345345345345
Uttarkashi,Uttarakhand,0.6856856856856857,0.6096096096096096,0.044044044044044044,0.4804804804804805,0.4894894894894895,0.7967967967967968,0.8488488488488488,Party A,0.6552552552552553,0.2640640640640641,0.46146146146146144,0.4698898898898899
Solan,Himachal Pradesh,0.8978978978978979,0.3333333333333333,0.6406406406406406,0.6926926926926927,0.7017017017017017,0.008008008008008008,0.4444444444444444,Party B,0.672072072072072,0.6684684684684685,0.772972972972973,0.696036036036036
Shahid Bhagat Singh Nagar,Punjab,0.6426426426426426,0.07807807807807808,0.38538538538538536,0.6126126126126126,0.44644644644644643,0.2652652652652653,0.1891891891891892,Party B,0.41681681681681676,0.4657657657657657,0.5165165165165164,0.4588738738738738
Fazilka,Punjab,0.943943943943944,0.8678678678678678,0.3023023023023023,0.4014014014014014,0.7477477477477478,0.05405405405405406,0.1061061061061061,Party A,0.9135135135135135,0.4211211211211211,0.61001001001001,0.6653003003003003
Moga,Punjab,0.5515515515515516,0.987987987987988,0.29429429429429427,0.5215215215215215,0.35535535535535534,0.17417417417417416,0.0980980980980981,Party B,0.7261261261261261,0.3746746746746747,0.5347347347347348,0.5552702702702703
Ludhiana,Punjab,0.08608608608608609,0.01001001001001001,0.44544544544544545,0.5445445445445446,0.7627627627627628,0.1971971971971972,0.24924924924924924,Party D,0.05565565565565565,0.5386386386386386,0.5813813813813814,0.35613113113113115
Chamoli,Uttarakhand,0.3893893893893894,0.8258258258258259,0.2602602602602603,0.35935935935935936,0.1931931931931932,0.6286286286286287,0.9369369369369369,Party A,0.563963963963964,0.2765765765765766,0.5975975975975976,0.4717867867867868
Dehradun,Uttarakhand,0.4164164164164164,0.34034034034034033,0.7757757757757757,0.21121121121121122,0.22022022022022023,0.5275275275275275,0.5795795795795796,Party A,0.385985985985986,0.49529529529529526,0.5153153153153154,0.4565765765765766
Sirmaur,Himachal Pradesh,0.5125125125125125,0.948948948948949,0.2552552552552553,0.4824824824824825,0.3163163163163163,0.6236236236236237,0.05905905905905906,Party B,0.6870870870870871,0.33563563563563564,0.2494494494494494,0.4546696696696697
S.A.S. Nagar,Punjab,0.3893893893893894,0.0,0.43543543543543545,0.35935935935935936,0.5775775775775776,0.012012012012012012,0.1111111111111111,Party A,0.23363363363363363,0.4410410410410411,0.6372372372372372,0.4071271271271272
Faridkot,Punjab,0.03003003003003003,0.08208208208208208,0.3893893893893894,0.8258258258258259,0.8348348348348348,0.26926926926926925,0.1931931931931932,Party C,0.05085085085085085,0.6094094094094095,0.5157157157157157,0.3625625625625626
Fatehgarh Sahib,Punjab,0.7007007007007007,0.3113113113113113,0.44344344344344344,0.6706706706706707,0.5045045045045045,0.8118118118118118,0.42242242242242245,Party A,0.5449449449449449,0.5238238238238238,0.2818818818818819,0.47178678678678676
Tehri Garhwal,Uttarakhand,0.15515515515515516,0.2072072072072072,0.5145145145145145,0.950950950950951,0.95995995995996,0.3943943943943944,0.3183183183183183,Party D,0.17597597597597597,0.7345345345345345,0.49069069069069066,0.45015015015015014
Chandigarh,Chandigarh,0.5915915915915916,0.02702702702702703,0.33433433433433435,0.3863863863863864,0.3953953953953954,0.7027027027027027,0.13813813813813813,Party C,0.36576576576576575,0.3621621621621621,0.23363363363363363,0.33147147147147143
Sri Muktsar Sahib,Punjab,0.8548548548548549,0.2902902902902903,0.2132132132132132,0.8248248248248248,0.6586586586586587,0.965965965965966,0.4014014014014014,Party C,0.6290290290290291,0.4857857857857858,0.18098098098098098,0.4668818818818819
Rudraprayag,Uttarakhand,0.2182182182182182,0.2702702702702703,0.5775775775775776,0.6296296296296297,0.022022022022022022,0.32932932932932935,0.3813813813813814,Party D,0.23903903903903903,0.4820820820820821,0.554954954954955,0.40308308308308305
Pithoragarh,Uttarakhand,0.2992992992992993,0.7357357357357357,0.042042042042042045,0.0940940940940941,0.4874874874874875,0.41041041041041043,0.8468468468468469,Party D,0.47387387387387386,0.14674674674674676,0.6924924924924925,0.41403403403403405
Sangrur,Punjab,0.8198198198198198,0.04604604604604605,0.3533533533533533,0.40540540540540543,0.6236236236236237,0.05805805805805806,0.15715715715715717,Party C,0.5103103103103103,0.423023023023023,0.628028028028028,0.5091891891891892
Barnala,Punjab,0.8268268268268268,0.7507507507507507,0.18518518518518517,0.1091091091091091,0.6306306306306306,0.9379379379379379,0.98998998998999,Party D,0.7963963963963964,0.2514514514514514,0.43323323323323326,0.5148748748748749
Bathinda,Punjab,0.002002002002002002,0.05405405405405406,0.3613613613613614,0.5885885885885885,0.8068068068068068,0.11311311311311312,0.16516516516516516,Party A,0.022822822822822823,0.5186186186186186,0.5981981981981981,0.34019519519519514
Patiala,Punjab,0.24524524524524524,0.2972972972972973,0.6046046046046046,0.8318318318318318,0.04904904904904905,0.3563563563563564,0.4084084084084084,Party D,0.2660660660660661,0.5616616616616616,0.5495495495495496,0.4403953953953954
Yamunanagar,Haryana,0.9119119119119119,0.34734734734734735,0.7827827827827828,0.7067067067067067,0.7157157157157157,0.15015015015015015,0.45845845845845845,Party C,0.686086086086086,0.7465465465465465,0.6932932932932934,0.7090490490490491
Saharanpur,Uttar Pradesh,0.5885885885885885,0.6406406406406406,0.9479479479479479,1.0,0.3923923923923924,0.8278278278278278,0.7517517517517518,Party B,0.6094094094094094,0.8524524524524524,0.40400400400400405,0.6431231231231231
Ganganagar,Rajasthan,0.028028028028028028,0.08008008008008008,0.38738738738738737,0.8238238238238238,0.8328328328328328,0.13913913913913914,0.19119119119119118,Party D,0.04884884884884885,0.6074074074074074,0.592992992992993,0.38038038038038036
Mansa,Punjab,0.3033033033033033,0.5305305305305306,0.8378378378378378,0.2732732732732733,0.10710710710710711,0.4144144144144144,0.6416416416416416,Party A,0.3941941941941942,0.5223223223223223,0.608008008008008,0.4924924924924925
Kurukshetra,Haryana,0.24824824824824826,0.4754754754754755,0.7827827827827828,0.8348348348348348,0.05205205205205205,0.4874874874874875,0.5865865865865866,Party A,0.3391391391391392,0.6522522522522524,0.5421421421421422,0.49947947947947957
Bageshwar,Uttarakhand,0.6806806806806807,0.11611611611611612,0.42342342342342343,0.4754754754754755,0.8688688688688688,0.7917917917917918,0.22722722722722724,Party B,0.45485485485485483,0.5281281281281281,0.21581581581581583,0.42074074074074075
Haridwar,Uttarakhand,0.24224224224224225,0.29429429429429427,0.6016016016016016,0.037037037037037035,0.04604604604604605,0.3533533533533533,0.40540540540540543,Party A,0.26306306306306304,0.3211211211211211,0.5501501501501502,0.35515515515515517
Pauri Garhwal,Uttarakhand,0.4824824824824825,0.5345345345345346,0.8418418418418419,0.2772772772772773,0.2862862862862863,0.5935935935935935,0.6456456456456456,Party D,0.5033033033033033,0.5613613613613614,0.5021021021021022,0.5233233233233233
Kaithal,Haryana,0.9159159159159159,0.22322322322322322,0.6586586586586587,0.7107107107107107,0.7197197197197197,0.026026026026026026,0.4624624624624625,Party B,0.6388388388388387,0.6864864864864865,0.7693693693693693,0.6881481481481481
Sirsa,Haryana,0.4344344344344344,0.8708708708708709,0.3053053053053053,0.4044044044044044,0.23823823823823823,0.6736736736736737,0.9819819819819819,Party B,0.609009009009009,0.32162162162162156,0.5885885885885885,0.5033183183183183
Hanumangarh,Rajasthan,0.11811811811811812,0.042042042042042045,0.8618618618618619,0.7857857857857858,0.9229229229229229,0.22922922922922923,0.6656656656656657,Party D,0.08768768768768768,0.8512512512512513,0.7287287287287287,0.5151951951951952
Karnal,Haryana,0.18518518518518517,0.23723723723723725,0.5445445445445446,0.980980980980981,0.98998998998999,0.2962962962962963,0.3483483483483483,Party C,0.206006006006006,0.7645645645645646,0.5615615615615616,0.49039039039039034
Almora,Uttarakhand,0.13213213213213212,0.35935935935935936,0.6666666666666666,0.7187187187187187,0.9369369369369369,0.24324324324324326,0.47047047047047047,Party B,0.22302302302302301,0.7363363363363363,0.6422422422422422,0.5074874874874875
Jind,Haryana,0.03403403403403404,0.08608608608608609,0.3933933933933934,0.44544544544544545,0.8388388388388388,0.14514514514514515,0.1971971971971972,Party D,0.05485485485485486,0.49809809809809813,0.5917917917917919,0.3442242242242243
Fatehabad,Haryana,0.7607607607607607,0.987987987987988,0.29429429429429427,0.34634634634634637,0.35535535535535534,0.6626626626626627,0.0980980980980981,Party C,0.8516516516516517,0.3221221221221221,0.24164164164164162,0.5138138138138139
Bijnor,Uttar Pradesh,0.5685685685685685,0.004004004004004004,0.3113113113113113,0.3633633633633634,0.37237237237237236,0.19119119119119118,0.11511511511511512,Party B,0.3427427427427427,0.3391391391391391,0.5313313313313313,0.38862862862862857
Muzaffarnagar,Uttar Pradesh,0.2122122122122122,0.6486486486486487,0.955955955955956,0.007007007007007007,0.016016016016016016,0.3233233233233233,0.7597597597597597,Party D,0.3867867867867868,0.4832832832832833,0.70990990990991,0.5013413413413415
Hisar,Haryana,0.6416416416416416,0.6936936936936937,0.0,0.22722722722722724,0.44544544544544545,0.7527527527527528,0.8048048048048048,Party B,0.6624624624624624,0.15725725725725725,0.47027027027027024,0.43759259259259253
Nainital,Uttarakhand,0.022022022022022022,0.45845845845845845,0.7657657657657657,0.8178178178178178,0.8268268268268268,0.26126126126126126,0.5695695695695696,Party D,0.19659659659659662,0.7935935935935936,0.671071071071071,0.5241641641641641
Panipat,Haryana,0.7187187187187187,0.7707707707707707,0.07707707707707707,0.5135135135135135,0.5225225225225225,0.8298298298298298,0.8818818818818819,Party B,0.7395395395395395,0.2970970970970971,0.4548548548548549,0.5135135135135136
Champawat,Uttarakhand,0.12312312312312312,0.5595595595595596,0.8668668668668669,0.918918918918919,0.9279279279279279,0.23423423423423423,0.6706706706706707,Party A,0.2976976976976977,0.8946946946946946,0.7277277277277276,0.6141541541541542
Udham Singh Nagar,Uttarakhand,0.7457457457457457,0.6696696696696697,0.48848848848848847,0.7157157157157157,0.5495495495495496,0.8568568568568569,0.2922922922922923,Party A,0.7153153153153153,0.5688688688688689,0.2028028028028028,0.5359309309309309
Sonipat,Haryana,0.6186186186186187,0.6706706706706707,0.977977977977978,0.4134134134134134,0.42242242242242245,0.8578578578578578,0.7817817817817818,Party B,0.6394394394394395,0.6974974974974976,0.397997997997998,0.5993993993993995
Baghpat,Uttar Pradesh,0.3173173173173173,0.24124124124124124,0.06006006006006006,0.11211211211211211,0.12112112112112113,0.42842842842842843,0.8648648648648649,Party D,0.2868868868868869,0.08788788788788789,0.6888888888888889,0.3177377377377377
Meerut,Uttar Pradesh,0.948948948948949,0.0,0.3073073073073073,0.7437437437437437,0.7527527527527528,0.05905905905905906,0.1111111111111111,Party B,0.5693693693693693,0.5273273273273273,0.6090090090090089,0.5645645645645645
Moradabad,Uttar Pradesh,0.46546546546546547,0.6926926926926927,0.8248248248248248,0.43543543543543545,0.26926926926926925,0.5765765765765766,0.8038038038038038,Party A,0.5563563563563564,0.596896896896897,0.5755755755755756,0.5753503503503503
Bikaner,Rajasthan,0.5125125125125125,0.5645645645645646,0.8718718718718719,0.3073073073073073,0.3163163163163163,0.6236236236236237,0.6756756756756757,Party B,0.5333333333333333,0.5913913913913914,0.49609609609609606,0.5443443443443443
Rampur,Uttar Pradesh,0.3173173173173173,0.24124124124124124,0.6766766766766766,0.7287287287287287,0.12112112112112113,0.42842842842842843,0.4804804804804805,Party B,0.2868868868868869,0.5811811811811811,0.5351351351351351,0.4519519519519519
Bhiwani,Haryana,0.8588588588588588,0.08508508508508508,0.3923923923923924,0.4444444444444444,0.45345345345345345,0.5855855855855856,0.1961961961961962,Party A,0.5493493493493493,0.4202202202202202,0.3271271271271271,0.4485985985985985
Rohtak,Haryana,0.3163163163163163,0.3683683683683684,0.6756756756756757,0.1111111111111111,0.12012012012012012,0.5555555555555556,0.4794794794794795,Party B,0.3371371371371371,0.3951951951951952,0.45845845845845845,0.3877877877877878
Shamli,Uttar Pradesh,0.9269269269269269,0.23423423423423423,0.6696696696696697,0.5935935935935935,0.7307307307307307,0.037037037037037035,0.47347347347347346,Party A,0.6498498498498498,0.659059059059059,0.7671671671671673,0.6824024024024025
Ferozepur,Punjab,0.8168168168168168,0.8688688688688688,0.3033033033033033,0.6116116116116116,0.6206206206206206,0.055055055055055056,0.97997997997998,Party C,0.8376376376376377,0.45925925925925926,0.9589589589589589,0.7355355355355355
Pathankot,Punjab,0.3153153153153153,0.7517517517517518,0.05805805805805806,0.11011011011011011,0.11911911911911911,0.5545545545545546,0.8628628628628628,Party C,0.4898898898898899,0.08588588588588589,0.6124124124124124,0.3791191191191191
Udhampur,Jammu and Kashmir,0.5805805805805806,0.6326326326326326,0.93993993993994,0.37537537537537535,0.3843843843843844,0.6916916916916916,0.7437437437437437,Party A,0.6014014014014013,0.6594594594594594,0.4824824824824825,0.5919919919919919
Samba,Jammu and Kashmir,0.8088088088088088,0.9079079079079079,0.16716716716716717,0.7787787787787788,0.6126126126126126,0.91991991991992,0.14614614614614616,Party B,0.8484484484484485,0.4397397397397397,0.10650650650650649,0.5199149149149149
Kapurthala,Punjab,0.6796796796796797,0.11511511511511512,0.42242242242242245,0.4744744744744745,0.8678678678678678,0.7907907907907908,0.22622622622622623,Party B,0.45385385385385385,0.5271271271271272,0.216016016016016,0.4200400400400401
Panchkula,Haryana,0.963963963963964,0.015015015015015015,0.32232232232232233,0.7587587587587588,0.7677677677677678,0.07407407407407407,0.12612612612612611,Party A,0.5843843843843843,0.5423423423423424,0.6060060060060061,0.575075075075075
Ambala,Haryana,0.44844844844844844,0.5005005005005005,0.8078078078078078,0.24324324324324326,0.25225225225225223,0.5595595595595596,0.6116116116116116,Party C,0.4692692692692693,0.5273273273273273,0.5089089089089089,0.4994994994994995
Aurangabad,Bihar,0.19519519519519518,0.6316316316316316,0.938938938938939,0.16516516516516516,1.0,0.3063063063063063,0.7427427427427428,Party D,0.3697697697697697,0.7190190190190191,0.7133133133133134,0.5778928928928929
Balrampur,Chhattisgarh,0.08808808808808809,0.5245245245245245,0.95995995995996,0.8838838838838838,0.8928928928928929,0.32732732732732733,0.6356356356356356,Party D,0.26266266266266264,0.9237237237237238,0.6578578578578578,0.5928328328328328
Balrampur,Uttar Pradesh,0.08808808808808809,0.5245245245245245,0.95995995995996,0.8838838838838838,0.8928928928928929,0.32732732732732733,0.6356356356356356,Party D,0.26266266266266264,0.9237237237237238,0.6578578578578578,0.5928328328328328
Hamirpur,Uttar Pradesh,0.7587587587587588,0.8108108108108109,0.24524524524524524,0.34434434434434436,0.5625625625625625,0.997997997997998,0.9219219219219219,Party B,0.7795795795795796,0.33843843843843846,0.36996996996996995,0.5227777777777778
Hamirpur,Himachal Pradesh,0.7587587587587588,0.8108108108108109,0.24524524524524524,0.34434434434434436,0.5625625625625625,0.997997997997998,0.9219219219219219,Party B,0.7795795795795796,0.33843843843843846,0.36996996996996995,0.5227777777777778
Pratapgarh,Rajasthan,0.4994994994994995,0.8078078078078078,0.24224224224224225,0.16616616616616617,0.17517517517517517,0.6106106106106106,0.04604604604604605,Party A,0.6228228228228228,0.206006006006006,0.25205205205205206,0.3842442442442442
Pratapgarh,Uttar Pradesh,0.4994994994994995,0.8078078078078078,0.24224224224224225,0.16616616616616617,0.17517517517517517,0.6106106106106106,0.04604604604604605,Party A,0.6228228228228228,0.206006006006006,0.25205205205205206,0.3842442442442442
Bilaspur,Himachal Pradesh,0.2652652652652653,0.3173173173173173,0.6246246246246246,0.06006006006006006,0.06906906906906907,0.5045045045045045,0.42842842842842843,Party A,0.2860860860860861,0.3441441441441441,0.4686686686686687,0.3520520520520521
Niwari,Madhya Pradesh,0.6736736736736737,0.1091091091091091,0.5445445445445446,0.46846846846846846,0.4774774774774775,0.2962962962962963,0.22022022022022023,Party D,0.44784784784784787,0.5083083083083083,0.5103103103103104,0.48462462462462463
Muzaffarabad,Jammu and Kashmir,0.9429429429429429,0.3783783783783784,0.6856856856856857,0.7377377377377378,0.13013013013013014,0.5655655655655656,0.4894894894894895,Party A,0.7171171171171171,0.5901901901901901,0.45645645645645644,0.6075275275275275
Mirpur,Jammu and Kashmir,0.2042042042042042,0.25625625625625625,0.5635635635635635,1.0,0.008008008008008008,0.44344344344344344,0.36736736736736736,Party B,0.22502502502502503,0.5833833833833834,0.4808808808808809,0.4144144144144144
Unknown,Mizoram,0.5955955955955956,0.031031031031031032,0.3383383383383383,0.39039039039039036,0.3993993993993994,0.7067067067067067,0.14214214214214213,Party C,0.3697697697697698,0.36616616616616615,0.23283283283283285,0.3342742742742743
Unknown,Tamil Nadu,0.5955955955955956,0.031031031031031032,0.3383383383383383,0.39039039039039036,0.3993993993993994,0.7067067067067067,0.14214214214214213,Party C,0.3697697697697698,0.36616616616616615,0.23283283283283285,0.3342742742742743
Unknown,Madhya Pradesh,0.5955955955955956,0.031031031031031032,0.3383383383383383,0.39039039039039036,0.3993993993993994,0.7067067067067067,0.14214214214214213,Party C,0.3697697697697698,0.36616616616616615,0.23283283283283285,0.3342742742742743
Unknown,Maharashtra,0.5955955955955956,0.031031031031031032,0.3383383383383383,0.39039039039039036,0.3993993993993994,0.7067067067067067,0.14214214214214213,Party C,0.3697697697697698,0.36616616616616615,0.23283283283283285,0.3342742742742743
Unknown,Chhattisgarh,0.5955955955955956,0.031031031031031032,0.3383383383383383,0.39039039039039036,0.3993993993993994,0.7067067067067067,0.14214214214214213,Party C,0.3697697697697698,0.36616616616616615,0.23283283283283285,0.3342742742742743
Unknown,Gujarat,0.5955955955955956,0.031031031031031032,0.3383383383383383,0.39039039039039036,0.3993993993993994,0.7067067067067067,0.14214214214214213,Party C,0.3697697697697698,0.36616616616616615,0.23283283283283285,0.3342742742742743
Unknown,Odisha,0.5955955955955956,0.031031031031031032,0.3383383383383383,0.39039039039039036,0.3993993993993994,0.7067067067067067,0.14214214214214213,Party C,0.3697697697697698,0.36616616616616615,0.23283283283283285,0.3342742742742743
Unknown,Andhra Pradesh,0.5955955955955956,0.031031031031031032,0.3383383383383383,0.39039039039039036,0.3993993993993994,0.7067067067067067,0.14214214214214213,Party C,0.3697697697697698,0.36616616616616615,0.23283283283283285,0.3342742742742743
Unknown,Karnataka,0.5955955955955956,0.031031031031031032,0.3383383383383383,0.39039039039039036,0.3993993993993994,0.7067067067067067,0.14214214214214213,Party C,0.3697697697697698,0.36616616616616615,0.23283283283283285,0.3342742742742743
Unknown,Goa,0.5955955955955956,0.031031031031031032,0.3383383383383383,0.39039039039039036,0.3993993993993994,0.7067067067067067,0.14214214214214213,Party C,0.3697697697697698,0.36616616616616615,0.23283283283283285,0.3342742742742743
Unknown,Kerala,0.5955955955955956,0.031031031031031032,0.3383383383383383,0.39039039039039036,0.3993993993993994,0.7067067067067067,0.14214214214214213,Party C,0.3697697697697698,0.36616616616616615,0.23283283283283285,0.3342742742742743
Unknown,Telangana,0.5955955955955956,0.031031031031031032,0.3383383383383383,0.39039039039039036,0.3993993993993994,0.7067067067067067,0.14214214214214213,Party C,0.3697697697697698,0.36616616616616615,0.23283283283283285,0.3342742742742743
Unknown,West Bengal,0.5955955955955956,0.031031031031031032,0.3383383383383383,0.39039039039039036,0.3993993993993994,0.7067067067067067,0.14214214214214213,Party C,0.3697697697697698,0.36616616616616615,0.23283283283283285,0.3342742742742743
Unknown,Dadra and Nagar Haveli and Daman and Diu,0.5955955955955956,0.031031031031031032,0.3383383383383383,0.39039039039039036,0.3993993993993994,0.7067067067067067,0.14214214214214213,Party C,0.3697697697697698,0.36616616616616615,0.23283283283283285,0.3342742742742743
Unknown,Puducherry,0.5955955955955956,0.031031031031031032,0.3383383383383383,0.39039039039039036,0.3993993993993994,0.7067067067067067,0.14214214214214213,Party C,0.3697697697697698,0.36616616616616615,0.23283283283283285,0.3342742742742743
Lakshadweep,Lakshadweep,0.8148148148148148,0.8668668668668669,0.17317317317317318,0.6096096096096096,0.6186186186186187,0.9259259259259259,0.977977977977978,Party A,0.8356356356356356,0.39319319319319324,0.4356356356356357,0.5807807807807808
Unknown,Arunachal Pradesh,0.5955955955955956,0.031031031031031032,0.3383383383383383,0.39039039039039036,0.3993993993993994,0.7067067067067067,0.14214214214214213,Party C,0.3697697697697698,0.36616616616616615,0.23283283283283285,0.3342742742742743
Unknown,Assam,0.5955955955955956,0.031031031031031032,0.3383383383383383,0.39039039039039036,0.3993993993993994,0.7067067067067067,0.14214214214214213,Party C,0.3697697697697698,0.36616616616616615,0.23283283283283285,0.3342742742742743
Unknown,Nagaland,0.5955955955955956,0.031031031031031032,0.3383383383383383,0.39039039039039036,0.3993993993993994,0.7067067067067067,0.14214214214214213,Party C,0.3697697697697698,0.36616616616616615,0.23283283283283285,0.3342742742742743
Unknown,Meghalaya,0.5955955955955956,0.031031031031031032,0.3383383383383383,0.39039039039039036,0.3993993993993994,0.7067067067067067,0.14214214214214213,Party C,0.3697697697697698,0.36616616616616615,0.23283283283283285,0.3342742742742743
Unknown,Manipur,0.5955955955955956,0.031031031031031032,0.3383383383383383,0.39039039039039036,0.3993993993993994,0.7067067067067067,0.14214214214214213,Party C,0.3697697697697698,0.36616616616616615,0.23283283283283285,0.3342742742742743
Unknown,Tripura,0.5955955955955956,0.031031031031031032,0.3383383383383383,0.39039039039039036,0.3993993993993994,0.7067067067067067,0.14214214214214213,Party C,0.3697697697697698,0.36616616616616615,0.23283283283283285,0.3342742742742743
Unknown,Andaman and Nicobar Islands,0.5955955955955956,0.031031031031031032,0.3383383383383383,0.39039039039039036,0.3993993993993994,0.7067067067067067,0.14214214214214213,Party C,0.3697697697697698,0.36616616616616615,0.23283283283283285,0.3342742742742743
Unknown,Uttar Pradesh,0.5955955955955956,0.031031031031031032,0.3383383383383383,0.39039039039039036,0.3993993993993994,0.7067067067067067,0.14214214214214213,Party C,0.3697697697697698,0.36616616616616615,0.23283283283283285,0.3342742742742743
Unknown,Rajasthan,0.5955955955955956,0.031031031031031032,0.3383383383383383,0.39039039039039036,0.3993993993993994,0.7067067067067067,0.14214214214214213,Party C,0.3697697697697698,0.36616616616616615,0.23283283283283285,0.3342742742742743
Unknown,Delhi,0.5955955955955956,0.031031031031031032,0.3383383383383383,0.39039039039039036,0.3993993993993994,0.7067067067067067,0.14214214214214213,Party C,0.3697697697697698,0.36616616616616615,0.23283283283283285,0.3342742742742743
Unknown,Haryana,0.5955955955955956,0.031031031031031032,0.3383383383383383,0.39039039039039036,0.3993993993993994,0.7067067067067067,0.14214214214214213,Party C,0.3697697697697698,0.36616616616616615,0.23283283283283285,0.3342742742742743
Unknown,Sikkim,0.5955955955955956,0.031031031031031032,0.3383383383383383,0.39039039039039036,0.3993993993993994,0.7067067067067067,0.14214214214214213,Party C,0.3697697697697698,0.36616616616616615,0.23283283283283285,0.3342742742742743
Unknown,Bihar,0.5955955955955956,0.031031031031031032,0.3383383383383383,0.39039039039039036,0.3993993993993994,0.7067067067067067,0.14214214214214213,Party C,0.3697697697697698,0.36616616616616615,0.23283283283283285,0.3342742742742743
Unknown,Jharkhand,0.5955955955955956,0.031031031031031032,0.3383383383383383,0.39039039039039036,0.3993993993993994,0.7067067067067067,0.14214214214214213,Party C,0.3697697697697698,0.36616616616616615,0.23283283283283285,0.3342742742742743
Unknown,Ladakh,0.5955955955955956,0.031031031031031032,0.3383383383383383,0.39039039039039036,0.3993993993993994,0.7067067067067067,0.14214214214214213,Party C,0.3697697697697698,0.36616616616616615,0.23283283283283285,0.3342742742742743
Unknown,Jammu and Kashmir,0.5955955955955956,0.031031031031031032,0.3383383383383383,0.39039039039039036,0.3993993993993994,0.7067067067067067,0.14214214214214213,Party C,0.3697697697697698,0.36616616616616615,0.23283283283283285,0.3342742742742743
Unknown,Himachal Pradesh,0.5955955955955956,0.031031031031031032,0.3383383383383383,0.39039039039039036,0.3993993993993994,0.7067067067067067,0.14214214214214213,Party C,0.3697697697697698,0.36616616616616615,0.23283283283283285,0.3342742742742743
Unknown,Punjab,0.5955955955955956,0.031031031031031032,0.3383383383383383,0.39039039039039036,0.3993993993993994,0.7067067067067067,0.14214214214214213,Party C,0.3697697697697698,0.36616616616616615,0.23283283283283285,0.3342742742742743
Unknown,Uttarakhand,0.5955955955955956,0.031031031031031032,0.3383383383383383,0.39039039039039036,0.3993993993993994,0.7067067067067067,0.14214214214214213,Party C,0.3697697697697698,0.36616616616616615,0.23283283283283285,0.3342742742742743
Chandigarh,Chandigarh,0.5915915915915916,0.02702702702702703,0.33433433433433435,0.3863863863863864,0.3953953953953954,0.7027027027027027,0.13813813813813813,Party C,0.36576576576576575,0.3621621621621621,0.23363363363363363,0.33147147147147143
